-- MySQL dump 10.13  Distrib 5.5.29, for debian-linux-gnu (i686)
--
-- Host: localhost    Database: papermandb
-- ------------------------------------------------------
-- Server version	5.5.29-0ubuntu0.12.10.1

/*!40101 SET @OLD_CHARACTER_SET_CLIENT=@@CHARACTER_SET_CLIENT */;
/*!40101 SET @OLD_CHARACTER_SET_RESULTS=@@CHARACTER_SET_RESULTS */;
/*!40101 SET @OLD_COLLATION_CONNECTION=@@COLLATION_CONNECTION */;
/*!40101 SET NAMES utf8 */;
/*!40103 SET @OLD_TIME_ZONE=@@TIME_ZONE */;
/*!40103 SET TIME_ZONE='+00:00' */;
/*!40014 SET @OLD_UNIQUE_CHECKS=@@UNIQUE_CHECKS, UNIQUE_CHECKS=0 */;
/*!40014 SET @OLD_FOREIGN_KEY_CHECKS=@@FOREIGN_KEY_CHECKS, FOREIGN_KEY_CHECKS=0 */;
/*!40101 SET @OLD_SQL_MODE=@@SQL_MODE, SQL_MODE='NO_AUTO_VALUE_ON_ZERO' */;
/*!40111 SET @OLD_SQL_NOTES=@@SQL_NOTES, SQL_NOTES=0 */;

--
-- Current Database: `papermandb`
--

/*!40000 DROP DATABASE IF EXISTS `papermandb`*/;

CREATE DATABASE /*!32312 IF NOT EXISTS*/ `papermandb` /*!40100 DEFAULT CHARACTER SET latin1 */;

USE `papermandb`;

--
-- Table structure for table `kendaraan`
--

DROP TABLE IF EXISTS `kendaraan`;
/*!40101 SET @saved_cs_client     = @@character_set_client */;
/*!40101 SET character_set_client = utf8 */;
CREATE TABLE `kendaraan` (
  `id` int(11) NOT NULL AUTO_INCREMENT,
  `keterangan` varchar(255) DEFAULT NULL,
  `noLambung` int(11) NOT NULL,
  `noMesin` varchar(255) DEFAULT NULL,
  `noPolisi` varchar(255) DEFAULT NULL,
  `noRangka` varchar(255) DEFAULT NULL,
  `noSTNK` varchar(255) DEFAULT NULL,
  `tglJatuhTempo` date DEFAULT NULL,
  PRIMARY KEY (`id`),
  UNIQUE KEY `noLambung` (`noLambung`)
) ENGINE=InnoDB AUTO_INCREMENT=40 DEFAULT CHARSET=utf8;
/*!40101 SET character_set_client = @saved_cs_client */;

--
-- Dumping data for table `kendaraan`
--

LOCK TABLES `kendaraan` WRITE;
/*!40000 ALTER TABLE `kendaraan` DISABLE KEYS */;
INSERT INTO `kendaraan` VALUES (1,' ',314,'INZX-214705','L 1702 UK','MR053HY42490-19846','BKS.45195','2010-09-22'),(2,' ',315,'INZX-214815','L 1702 UG','MR053HY42490-19856','BKS.45197','2010-09-22'),(3,' ',316,'INZX-214765','L 1702 UH','MR053HY42490-19841','BKS.45194','2010-09-23'),(4,' ',317,'INZX-214772','L 1702 UJ','MR053HY42490-19839','BKS.45193','2010-09-27'),(5,' ',318,'INZX-214888','L 1701 UW','MR053HY42490-19853','BKS.45196','2010-09-22'),(6,' ',319,'INZX-152531','L 1704 UJ','MR053HY42490-12992','SB.165.680.K','2010-12-11'),(7,' ',320,'INZX-152471','L 1704 UH','MR053HY42490-12984','SB.165.681.K','2010-12-11'),(8,' ',322,'INZX-152529','L 1703 UM','MR053HY42490-12988','SB.165.684.K','2010-12-11'),(9,' ',323,'INZX-154647','L 1704 UG','MR053HY42490-12987','SB.165.685.K','2010-12-11'),(10,' ',324,'INZX-266162','L 1242 UL','MR053HY42590-24605','SB.174..378.K','2011-02-20'),(11,' ',325,'INZX-296997','L 1709 UM','MR053HY42590-27252','TNG.59434','2011-02-20'),(12,' ',326,'INZX-313331','L 1711 UL','MR053HY42590-29460','TNG.59839','2012-05-12'),(13,' ',327,'INZX-309814','L 1711 UH','MR053HY2590-29020','TNG.53843','2012-06-07'),(14,' ',328,'INZX-307483','L 1709 UJ','MR053HY42590-28764','TNG.59849','2012-10-06'),(15,' ',329,'INZX-287017','L 1710 UM','MR053HY42590-26298','TNG.58911','2012-10-15'),(16,' ',330,'INZX-354870','L 1709 UK','MR053HY42590-34184','BB 041 037 534','2012-06-10'),(17,'  ',331,'INZX-355503','L 1710 UK','MR053HY42590-34188','BB 041 037 536','2012-04-28'),(18,' ',332,'INZX-355450','L 1709 UL','MR053HY42590-34189','BB 041 037 537','2012-03-28'),(19,' ',333,'INZX-355093','L 1710 UG','MR053HY42590-34190','BB 041 037 538','2012-03-29'),(20,' ',334,'INZX-355634','L 1710 UH','MR053HY42590-34191','BB 041 037 539','2012-04-28'),(21,'    ',335,'INZX-355299','L 1711 UJ','MR053HY42590-34196','BB 041 037 543','2012-05-04'),(22,' ',336,'INZX-354938','L 1710 UL','MR053HY42590-34199','BB 041037545','2012-04-19'),(23,' ',337,'INZX-354940','L 1710 UJ','MR053HY42590-34200','BB 041 037 546','2012-04-28'),(24,' ',339,'INZX-355504','L 1711 UK','MR053HY42590-34203','BB 041 037549','2012-03-29'),(25,'  ',340,'INZX-286293','L 1712 UM','MR053HY42590-26255','TNG 58905','2012-10-22'),(26,' ',341,'INZX-288434','L 1712 UH','MR053HY42590-26461','TNG 59431','2012-09-05'),(27,'  ',342,'INZX-309171','L 1712 UJ','MR053HY42590-28949','TNG 59846','2012-08-10'),(28,' ',343,'INZX-309990','L 1712 UK','MR053HY42590-29028','TNG 59842','2012-07-04'),(29,' ',344,'INZX-316498','L 1712 UL','MR053HY42590-29977','TNG.59835','2012-08-11'),(30,' ',345,'INZX-592639','L 1714 UJ','MR053HY93790-02293','BB 041 040 120','2013-01-25'),(31,' ',346,'INZX-585272','L 1714 UK','MR053HY93793-32301','BB 041 040 121','2012-12-14'),(32,' ',347,'INXZ-586964','L 1714 UG','MR053HY93790-02304','BB 041 040 122','2012-12-14'),(33,' ',348,'INZX-601193','L 1715 UH','MR053HY93790-02775','BB 041 040 128','2012-12-26'),(34,' ',349,'INZX-601270','L 1714 UL','MR053HY93790-02788','BB 041 040 133','2012-12-14'),(35,' ',350,'INZX-601574','L 1714 UM','MR053HY93790-02793','BB 041 040 135','2012-12-14'),(36,' ',351,'INZX-600854','L 1715 UG','MR053HY93790-02800','BB 041 040 138','2012-12-14'),(37,' ',352,'INZX-601894','L 1713 UM','MR053HY93790-02805','BB 041 040 140','2012-12-14'),(38,' ',353,'INZX-601898','L 1714 UH','MR053HY93790-02813','BB 041 040 143','2012-12-14'),(39,' ',354,'INZX-602223','L 1713 UL','MR053HY93790-02818','BB 041 040 145','2012-12-26');
/*!40000 ALTER TABLE `kendaraan` ENABLE KEYS */;
UNLOCK TABLES;

--
-- Table structure for table `kendaraan_pth`
--

DROP TABLE IF EXISTS `kendaraan_pth`;
/*!40101 SET @saved_cs_client     = @@character_set_client */;
/*!40101 SET character_set_client = utf8 */;
CREATE TABLE `kendaraan_pth` (
  `id_pth` int(11) NOT NULL AUTO_INCREMENT,
  `keterangan` varchar(255) DEFAULT NULL,
  `noLambung` int(11) NOT NULL,
  `noMesin` varchar(255) DEFAULT NULL,
  `noPolisi` varchar(255) DEFAULT NULL,
  `noRangka` varchar(255) DEFAULT NULL,
  `noSTNK` varchar(255) DEFAULT NULL,
  `tglJatuhTempo` date DEFAULT NULL,
  PRIMARY KEY (`id_pth`),
  UNIQUE KEY `noLambung` (`noLambung`)
) ENGINE=InnoDB DEFAULT CHARSET=utf8;
/*!40101 SET character_set_client = @saved_cs_client */;

--
-- Dumping data for table `kendaraan_pth`
--

LOCK TABLES `kendaraan_pth` WRITE;
/*!40000 ALTER TABLE `kendaraan_pth` DISABLE KEYS */;
/*!40000 ALTER TABLE `kendaraan_pth` ENABLE KEYS */;
UNLOCK TABLES;

--
-- Table structure for table `komposisi_setoran`
--

DROP TABLE IF EXISTS `komposisi_setoran`;
/*!40101 SET @saved_cs_client     = @@character_set_client */;
/*!40101 SET character_set_client = utf8 */;
CREATE TABLE `komposisi_setoran` (
  `id` int(11) NOT NULL AUTO_INCREMENT,
  `nilai_angsuran` decimal(19,2) DEFAULT NULL,
  `nama_komposisi` varchar(255) DEFAULT NULL,
  `status` bit(1) DEFAULT NULL,
  `nilai_tabungan` decimal(19,2) DEFAULT NULL,
  `id_sistem` int(11) DEFAULT NULL,
  `id_genCode` int(11) DEFAULT NULL,
  PRIMARY KEY (`id`),
  KEY `FK1A19C5E76AD97BE7` (`id_sistem`),
  KEY `FK1A19C5E7F0E6C9DA` (`id_genCode`),
  CONSTRAINT `FK1A19C5E76AD97BE7` FOREIGN KEY (`id_sistem`) REFERENCES `sistem` (`id`),
  CONSTRAINT `FK1A19C5E7F0E6C9DA` FOREIGN KEY (`id_genCode`) REFERENCES `number_factory` (`id`)
) ENGINE=InnoDB AUTO_INCREMENT=7 DEFAULT CHARSET=utf8;
/*!40101 SET character_set_client = @saved_cs_client */;

--
-- Dumping data for table `komposisi_setoran`
--

LOCK TABLES `komposisi_setoran` WRITE;
/*!40000 ALTER TABLE `komposisi_setoran` DISABLE KEYS */;
INSERT INTO `komposisi_setoran` VALUES (1,150000.00,'BIRU','\0',25000.00,1,NULL),(2,170000.00,'NEW BIRU',NULL,25000.00,1,NULL),(5,85000.00,'BIRU',NULL,25000.00,NULL,1),(6,120000.00,'NEW BIRU',NULL,25000.00,NULL,2);
/*!40000 ALTER TABLE `komposisi_setoran` ENABLE KEYS */;
UNLOCK TABLES;

--
-- Table structure for table `number_factory`
--

DROP TABLE IF EXISTS `number_factory`;
/*!40101 SET @saved_cs_client     = @@character_set_client */;
/*!40101 SET character_set_client = utf8 */;
CREATE TABLE `number_factory` (
  `id` int(11) NOT NULL,
  `ArmadaType` varchar(255) DEFAULT NULL,
  `TransactionType` varchar(255) DEFAULT NULL,
  `last_number` int(11) DEFAULT NULL,
  `tanggal` date DEFAULT NULL,
  PRIMARY KEY (`id`)
) ENGINE=InnoDB DEFAULT CHARSET=utf8;
/*!40101 SET character_set_client = @saved_cs_client */;

--
-- Dumping data for table `number_factory`
--

LOCK TABLES `number_factory` WRITE;
/*!40000 ALTER TABLE `number_factory` DISABLE KEYS */;
INSERT INTO `number_factory` VALUES (1,'BIRU','SETORAN',566,'2013-05-31'),(2,'NEW BIRU','SETORAN',27,'2013-05-31');
/*!40000 ALTER TABLE `number_factory` ENABLE KEYS */;
UNLOCK TABLES;

--
-- Table structure for table `pengemudi`
--

DROP TABLE IF EXISTS `pengemudi`;
/*!40101 SET @saved_cs_client     = @@character_set_client */;
/*!40101 SET character_set_client = utf8 */;
CREATE TABLE `pengemudi` (
  `id` int(11) NOT NULL AUTO_INCREMENT,
  `alamat` varchar(255) DEFAULT NULL,
  `kontrakBulan` int(11) DEFAULT NULL,
  `kontrakHari` int(11) DEFAULT NULL,
  `kota` varchar(255) DEFAULT NULL,
  `nama` varchar(255) DEFAULT NULL,
  `nrp` varchar(255) NOT NULL,
  `tglMasuk` date DEFAULT NULL,
  `id_ref_kendaraan` int(11) NOT NULL,
  PRIMARY KEY (`id`),
  UNIQUE KEY `nrp` (`nrp`),
  UNIQUE KEY `id_ref_kendaraan` (`id_ref_kendaraan`),
  KEY `FK4A3A786418B9B4E5` (`id_ref_kendaraan`),
  CONSTRAINT `FK4A3A786418B9B4E5` FOREIGN KEY (`id_ref_kendaraan`) REFERENCES `kendaraan` (`id`)
) ENGINE=InnoDB AUTO_INCREMENT=40 DEFAULT CHARSET=utf8;
/*!40101 SET character_set_client = @saved_cs_client */;

--
-- Dumping data for table `pengemudi`
--

LOCK TABLES `pengemudi` WRITE;
/*!40000 ALTER TABLE `pengemudi` DISABLE KEYS */;
INSERT INTO `pengemudi` VALUES (1,'BUNGURASIH TIMUR',78,2373,'SIDORJO','BAMBANG P.','K.10.113','2010-09-21',1),(2,'PERUMTAS II/P-7/29',78,2373,'SIDOARJO','HARI PASIADI','K.10.114','2010-09-21',2),(3,'RUNGKUT MENANGGAL',78,2373,'SURABAYA','TRIMO','K.10.116','2010-09-22',3),(4,'DS. BANGSRI',78,2373,'SIDOARJO','EKO SULISTIONO','K.10.117','2010-09-26',4),(5,'CANGKRING MALANG UTR',78,2373,'PASURUAN','SUGENG K.','K.10.115','2010-09-21',5),(6,'KUPANG PANJAAN',78,2373,'SURABAYA','JURUSAH','K.10.118','2010-12-10',6),(7,'GRIYA CANDI PRATAMA',78,2373,'SIDOARJO','MIHARDI','K.10.119','2010-12-10',7),(8,'DSN. MADUBROTO ',78,2373,'KRIAN','SUHARDI','K.10.120','2010-12-10',8),(9,'RY. SEDATI GEDE',78,2373,'SIDOARJO','M. MUSTA\'IN','K.10.121','2010-12-10',9),(10,'DSN. BABATAN BAKALAN PURWOSARI',78,2373,'PASURUAN','CHOIRUN NASIHIN','K.11.123','2011-02-19',10),(11,'DSN. SAMBIREJO',78,2373,'MOJOKERTO','JOKO S.','K.12.134','2012-05-11',11),(12,'KAMPUNG MALANG UTR',78,2373,'SURABAYA','SUWARNO (A)','K.12.135','2012-06-06',12),(13,'GRIYA BAYANGKARA PERMAI',78,2373,'SIDOARJO','NURYANTO','K.12.141','2012-10-05',13),(14,'GRIYA MASANGAN WETAN',78,2373,'SIDOARJO','ANDHIK P.','K.12.142','2012-10-14',14),(15,'BULUMARGI',78,2373,'LAMONGAN','NOTO','K.12.136','2012-06-09',15),(16,'KEDURUS IV',78,2373,'SURABAYA','HARYONO','K.12.128','2012-04-18',16),(17,'DUKUH PAKIS',78,2373,'SURABAYA','SUKARNO','K.12.131','2012-04-27',17),(18,'DS. SIDOMULYO BUDURAN',78,2373,'SIDOARJO','SUTIYONO','K.12.124','2012-03-28',18),(19,'DUPAK PASAR BARU',78,2373,'SURABAYA','YULIANTO','K.12.125','2012-03-28',19),(20,'KUPANG KRAJAN',78,2373,'SURABAYA','IRAWAN S.','K.12.130','2012-04-27',20),(21,'JEMUR WONOSARI LEBAR',78,2373,'SURABAYA','M. ARI SANDI','K.12.133','2012-05-03',21),(22,'WEDORO REGENCY ',78,2373,'SIDOARJO','ACH. WAHYUDI','K.12.129','2012-04-18',22),(23,'BRIGJEN KATAMSO',78,2373,'SIDOARJO','BADRUS SHOLEH','K.12.132','2012-04-27',23),(24,'KALIASIN',78,2373,'SURABAYA','HARI PRASETYO','K.12.126','2012-03-28',24),(25,'SIDOKEPUNG BUDURAN',78,2373,'SIDOARJO','SUKARNI','K.12.143','2012-10-21',25),(26,'GADUKAN UTR',78,2373,'SURABAYA','P. HERMAWAN','K.12.140','2012-09-04',26),(27,'SIMO ANGIN-ANGIN',78,2373,'SIDOARJO','SUWARNO (B)','K.12.138','2012-08-09',27),(28,'DIPONEGORO GG DAMAI',78,2373,'SIDOARJO','ERWIN DWI A.','K.12.137','2012-07-03',28),(29,'KELUD WATES',78,2373,'MOJOKERTO','HANAFI','K.12.139','2012-08-10',29),(30,'KEDUNG BARUK GG XVI NO. 26',78,2373,'SURABAYA','MOCH. PAKIH','K.13.153','2013-01-24',30),(31,'MADUBRONTO, SIDOREJO',78,2373,'KRIAN','SUTOYO','K.12.144','2012-12-13',31),(32,'DSN. BERINGIN KULON',78,2373,'SIDOARJO','PURWANTO','K.12.145','2012-12-13',32),(33,'KEMABNG RINGGIT PUNGGING',78,2373,'MOJOKERTO','SANTOSO','K.12.151','2012-12-25',33),(34,'GRESIK GADUKAN TIMUR II/2 A',78,2373,'SURABAYA','M. SHODIQ','K.12.146','2012-12-13',34),(35,'TAMBAK GRINGSING BR III/25',78,2373,'SURABAYA','NUR SODIQ','K.12.147','2012-12-13',35),(36,'SEMEMI JAYA SEL I',78,2373,'SURABAYA','NUR HADI','K.12.148','2012-12-13',36),(37,'BULAK RUKEM TIM I N/21',78,2373,'SURABAYA','TRI HERU M.','K.12.149','2012-12-13',37),(38,'MEDAYU UTR V/80',78,2373,'SURABAYA','SUGIYADI','K.12.150','2012-12-13',38),(39,'MANGKUREJO KWANGSAN SEDATI',78,2373,'SIDOARJO','M. MANSUR','K.12.152','2012-12-25',39);
/*!40000 ALTER TABLE `pengemudi` ENABLE KEYS */;
UNLOCK TABLES;

--
-- Table structure for table `pengemudi_pth`
--

DROP TABLE IF EXISTS `pengemudi_pth`;
/*!40101 SET @saved_cs_client     = @@character_set_client */;
/*!40101 SET character_set_client = utf8 */;
CREATE TABLE `pengemudi_pth` (
  `id_pth` int(11) NOT NULL AUTO_INCREMENT,
  `alamat` varchar(255) DEFAULT NULL,
  `kontrakBulan` int(11) DEFAULT NULL,
  `kontrakHari` int(11) DEFAULT NULL,
  `kota` varchar(255) DEFAULT NULL,
  `nama` varchar(255) DEFAULT NULL,
  `nrp` varchar(255) NOT NULL,
  `tglMasuk` date DEFAULT NULL,
  `id_ref_kendaraan` int(11) NOT NULL,
  PRIMARY KEY (`id_pth`),
  UNIQUE KEY `nrp` (`nrp`),
  UNIQUE KEY `id_ref_kendaraan` (`id_ref_kendaraan`),
  KEY `FK3DEC8889F07B86A3` (`id_ref_kendaraan`),
  CONSTRAINT `FK3DEC8889F07B86A3` FOREIGN KEY (`id_ref_kendaraan`) REFERENCES `kendaraan_pth` (`id_pth`)
) ENGINE=InnoDB DEFAULT CHARSET=utf8;
/*!40101 SET character_set_client = @saved_cs_client */;

--
-- Dumping data for table `pengemudi_pth`
--

LOCK TABLES `pengemudi_pth` WRITE;
/*!40000 ALTER TABLE `pengemudi_pth` DISABLE KEYS */;
/*!40000 ALTER TABLE `pengemudi_pth` ENABLE KEYS */;
UNLOCK TABLES;

--
-- Table structure for table `sec_user`
--

DROP TABLE IF EXISTS `sec_user`;
/*!40101 SET @saved_cs_client     = @@character_set_client */;
/*!40101 SET character_set_client = utf8 */;
CREATE TABLE `sec_user` (
  `id` int(11) NOT NULL AUTO_INCREMENT,
  `role_add_user` bit(1) DEFAULT NULL,
  `alamat` varchar(255) DEFAULT NULL,
  `role_change_bonus` bit(1) DEFAULT NULL,
  `role_change_sistem` bit(1) DEFAULT NULL,
  `role_change_compose` bit(1) DEFAULT NULL,
  `role_do_closing` bit(1) DEFAULT NULL,
  `role_change_saldoAwal` bit(1) DEFAULT NULL,
  `nama` varchar(255) DEFAULT NULL,
  `user_login` varchar(255) DEFAULT NULL,
  `no_telp` varchar(255) DEFAULT NULL,
  `role_open_closing` bit(1) DEFAULT NULL,
  `password` varchar(255) DEFAULT NULL,
  `user_status` varchar(255) DEFAULT NULL,
  `tglUpdate` date DEFAULT NULL,
  `TTL` varchar(255) DEFAULT NULL,
  `role_view_transaction` bit(1) DEFAULT NULL,
  PRIMARY KEY (`id`),
  UNIQUE KEY `user_login` (`user_login`)
) ENGINE=InnoDB AUTO_INCREMENT=2 DEFAULT CHARSET=utf8;
/*!40101 SET character_set_client = @saved_cs_client */;

--
-- Dumping data for table `sec_user`
--

LOCK TABLES `sec_user` WRITE;
/*!40000 ALTER TABLE `sec_user` DISABLE KEYS */;
INSERT INTO `sec_user` VALUES (1,'','SURABAYA','','','','','','SUPER ADMIN','YANTI','(031) 848 3333','','1234','SUPER_ADMIN','2013-03-21','SURABAYA','');
/*!40000 ALTER TABLE `sec_user` ENABLE KEYS */;
UNLOCK TABLES;

--
-- Table structure for table `sistem`
--

DROP TABLE IF EXISTS `sistem`;
/*!40101 SET @saved_cs_client     = @@character_set_client */;
/*!40101 SET character_set_client = utf8 */;
CREATE TABLE `sistem` (
  `id` int(11) NOT NULL,
  `alamat_perusahaan` varchar(255) DEFAULT NULL,
  `email` varchar(255) DEFAULT NULL,
  `kota` varchar(255) DEFAULT NULL,
  `nama_perusahaan` varchar(255) DEFAULT NULL,
  `no_telp` varchar(255) DEFAULT NULL,
  `tglKerja` date DEFAULT NULL,
  `last_logged_in` varchar(255) DEFAULT NULL,
  `last_editedBy` varchar(255) DEFAULT NULL,
  PRIMARY KEY (`id`),
  KEY `FKCA3AFA1FB99B1D59` (`last_editedBy`),
  KEY `FKCA3AFA1F9A16E29` (`last_logged_in`),
  CONSTRAINT `FKCA3AFA1F9A16E29` FOREIGN KEY (`last_logged_in`) REFERENCES `sec_user` (`user_login`),
  CONSTRAINT `FKCA3AFA1FB99B1D59` FOREIGN KEY (`last_editedBy`) REFERENCES `sec_user` (`user_login`)
) ENGINE=InnoDB DEFAULT CHARSET=utf8;
/*!40101 SET character_set_client = @saved_cs_client */;

--
-- Dumping data for table `sistem`
--

LOCK TABLES `sistem` WRITE;
/*!40000 ALTER TABLE `sistem` DISABLE KEYS */;
INSERT INTO `sistem` VALUES (1,'JL. TAMAN KENDANGSARI NO. 47','MDL.CO.ID','SURABAYA','PT. MANDALA SATATA GAMA','(031) 848 3333','2013-05-31','YANTI',NULL);
/*!40000 ALTER TABLE `sistem` ENABLE KEYS */;
UNLOCK TABLES;

--
-- Table structure for table `tr_closing_bulanan`
--

DROP TABLE IF EXISTS `tr_closing_bulanan`;
/*!40101 SET @saved_cs_client     = @@character_set_client */;
/*!40101 SET character_set_client = utf8 */;
CREATE TABLE `tr_closing_bulanan` (
  `id` int(11) NOT NULL AUTO_INCREMENT,
  `act_closing` varchar(255) DEFAULT NULL,
  `closed_for` varchar(255) DEFAULT NULL,
  `hutang_sld_awal` decimal(19,2) DEFAULT '0.00',
  `periodeBulan` date DEFAULT NULL,
  `ref_noLambung` int(11) DEFAULT NULL,
  `ref_setoranKe` int(11) DEFAULT NULL,
  `tglClosing` date DEFAULT NULL,
  `total_angsuran` decimal(19,2) DEFAULT '0.00',
  `total_bayar` decimal(19,2) DEFAULT '0.00',
  `total_cicilan` decimal(19,2) DEFAULT '0.00',
  `total_kasbon` decimal(19,2) DEFAULT '0.00',
  `total_overtime` decimal(19,2) DEFAULT '0.00',
  `total_setoran` decimal(19,2) DEFAULT '0.00',
  `total_tabungan` decimal(19,2) DEFAULT '0.00',
  `user_set` varchar(255) DEFAULT NULL,
  PRIMARY KEY (`id`)
) ENGINE=InnoDB AUTO_INCREMENT=72 DEFAULT CHARSET=utf8;
/*!40101 SET character_set_client = @saved_cs_client */;

--
-- Dumping data for table `tr_closing_bulanan`
--

LOCK TABLES `tr_closing_bulanan` WRITE;
/*!40000 ALTER TABLE `tr_closing_bulanan` DISABLE KEYS */;
INSERT INTO `tr_closing_bulanan` VALUES (31,'NOPE','CLOSING_SALDO_AWAL',NULL,'2013-04-02',314,884,NULL,128765000.00,84445000.00,870000.00,107465000.00,0.00,128715000.00,22100000.00,NULL),(33,'NOPE','CLOSING_SALDO_AWAL',NULL,'2013-04-04',316,947,NULL,137955000.00,96020000.00,285000.00,96305000.00,0.00,161630000.00,23675000.00,NULL),(34,'NOPE','CLOSING_SALDO_AWAL',NULL,'2013-04-04',317,940,NULL,136905000.00,137555000.00,5120000.00,146070000.00,0.00,157010000.00,23500000.00,NULL),(35,'NOPE','CLOSING_SALDO_AWAL',NULL,'2013-04-04',318,948,NULL,138105000.00,128565000.00,4480000.00,135480000.00,0.00,159370000.00,23700000.00,NULL),(36,'NOPE','CLOSING_SALDO_AWAL',NULL,'2013-04-04',319,869,NULL,126645000.00,72745000.00,1010000.00,73755000.00,0.00,148370000.00,21725000.00,NULL),(37,'NOPE','CLOSING_SALDO_AWAL',NULL,'2013-04-04',320,869,NULL,126645000.00,118580000.00,1525000.00,122390000.00,0.00,146085000.00,21725000.00,NULL),(38,'NOPE','CLOSING_SALDO_AWAL',NULL,'2013-04-04',322,867,NULL,126345000.00,122520000.00,1620000.00,125105000.00,0.00,147055000.00,21675000.00,NULL),(39,'NOPE','CLOSING_SALDO_AWAL',NULL,'2013-04-04',323,861,NULL,125445000.00,122150000.00,2510000.00,134690000.00,0.00,136940000.00,21525000.00,NULL),(40,'NOPE','CLOSING_SALDO_AWAL',NULL,'2013-04-04',324,794,NULL,115655000.00,110420000.00,2290000.00,123090000.00,0.00,125125000.00,19850000.00,NULL),(41,'NOPE','CLOSING_SALDO_AWAL',NULL,'2013-04-04',325,353,NULL,51390000.00,50715000.00,855000.00,51570000.00,0.00,60215000.00,8825000.00,NULL),(42,'NOPE','CLOSING_SALDO_AWAL',NULL,'2013-04-04',326,327,NULL,47620000.00,46845000.00,1050000.00,47895000.00,0.00,55795000.00,8175000.00,NULL),(43,'NOPE','CLOSING_SALDO_AWAL',NULL,'2013-04-04',327,208,NULL,30290000.00,15205000.00,0.00,15205000.00,0.00,35490000.00,5200000.00,NULL),(44,'NOPE','CLOSING_SALDO_AWAL',NULL,'2013-04-04',328,199,NULL,28940000.00,24175000.00,285000.00,27415000.00,0.00,30960000.00,4975000.00,NULL),(45,'NOPE','CLOSING_SALDO_AWAL',NULL,'2013-04-04',329,324,NULL,47170000.00,40190000.00,0.00,40190000.00,0.00,55270000.00,8100000.00,NULL),(47,'NOPE','CLOSING_SALDO_AWAL',NULL,'2013-04-04',330,376,NULL,54710000.00,41635000.00,0.00,41635000.00,0.00,64110000.00,9400000.00,NULL),(48,'NOPE','CLOSING_SALDO_AWAL',NULL,'2013-04-04',331,367,NULL,53360000.00,51785000.00,830000.00,52905000.00,0.00,62245000.00,9175000.00,NULL),(49,'NOPE','CLOSING_SALDO_AWAL',NULL,'2013-04-04',332,397,NULL,57730000.00,54700000.00,1045000.00,58595000.00,0.00,64805000.00,9925000.00,NULL),(50,'NOPE','CLOSING_SALDO_AWAL',NULL,'2013-04-04',333,397,NULL,57730000.00,44195000.00,0.00,44195000.00,0.00,67655000.00,9925000.00,NULL),(51,'NOPE','CLOSING_SALDO_AWAL',NULL,'2013-04-04',334,367,NULL,53360000.00,38000000.00,0.00,38000000.00,0.00,62535000.00,9175000.00,NULL),(52,'NOPE','CLOSING_SALDO_AWAL',NULL,'2013-04-04',335,361,NULL,52590000.00,10960000.00,0.00,10960000.00,0.00,61615000.00,9025000.00,NULL),(53,'NOPE','CLOSING_SALDO_AWAL',NULL,'2013-04-04',336,376,NULL,54710000.00,35200000.00,285000.00,35705000.00,0.00,63890000.00,9400000.00,NULL),(54,'NOPE','CLOSING_SALDO_AWAL',NULL,'2013-04-04',337,366,NULL,53210000.00,51025000.00,1180000.00,54745000.00,0.00,59820000.00,9150000.00,NULL),(55,'NOPE','CLOSING_SALDO_AWAL',NULL,'2013-04-04',339,397,NULL,57730000.00,57365000.00,615000.00,58155000.00,0.00,67480000.00,9925000.00,NULL),(56,'NOPE','CLOSING_SALDO_AWAL',NULL,'2013-04-04',340,191,NULL,27740000.00,21440000.00,810000.00,22250000.00,0.00,32515000.00,4775000.00,NULL),(57,'NOPE','CLOSING_SALDO_AWAL',NULL,'2013-04-04',341,239,NULL,34810000.00,27260000.00,0.00,27260000.00,0.00,40785000.00,5975000.00,NULL),(58,'NOPE','CLOSING_SALDO_AWAL',NULL,'2013-04-04',342,263,NULL,38280000.00,24480000.00,0.00,24480000.00,0.00,44255000.00,6575000.00,NULL),(59,'NOPE','CLOSING_SALDO_AWAL',NULL,'2013-04-04',343,300,NULL,43700000.00,14285000.00,0.00,14285000.00,0.00,51200000.00,7500000.00,NULL),(60,'NOPE','CLOSING_SALDO_AWAL',NULL,'2013-04-04',344,258,NULL,37530000.00,29910000.00,745000.00,30655000.00,0.00,43980000.00,6450000.00,NULL),(61,'NOPE','CLOSING_SALDO_AWAL',NULL,'2013-04-04',345,96,NULL,15865000.00,11180000.00,0.00,11505000.00,0.00,17940000.00,2400000.00,NULL),(62,'NOPE','CLOSING_SALDO_AWAL',NULL,'2013-04-04',346,139,NULL,22980000.00,22100000.00,0.00,22100000.00,0.00,26455000.00,3475000.00,NULL),(63,'NOPE','CLOSING_SALDO_AWAL',NULL,'2013-04-04',347,139,NULL,22980000.00,15860000.00,1040000.00,16900000.00,0.00,26455000.00,3475000.00,NULL),(64,'NOPE','CLOSING_SALDO_AWAL',NULL,'2013-04-04',348,127,NULL,20940000.00,17225000.00,0.00,17225000.00,0.00,24115000.00,3175000.00,NULL),(65,'NOPE','CLOSING_SALDO_AWAL',NULL,'2013-04-04',349,139,NULL,22980000.00,22620000.00,115000.00,22620000.00,0.00,26570000.00,3475000.00,NULL),(66,'NOPE','CLOSING_SALDO_AWAL',NULL,'2013-04-04',350,139,NULL,22980000.00,18135000.00,130000.00,18265000.00,0.00,26455000.00,3475000.00,NULL),(67,'NOPE','CLOSING_SALDO_AWAL',NULL,'2013-04-04',351,138,NULL,22810000.00,0.00,195000.00,195000.00,0.00,26260000.00,3450000.00,NULL),(68,'NOPE','CLOSING_SALDO_AWAL',NULL,'2013-04-04',352,139,NULL,22980000.00,18720000.00,0.00,18720000.00,0.00,26455000.00,3475000.00,NULL),(69,'NOPE','CLOSING_SALDO_AWAL',NULL,'2013-04-04',353,139,NULL,22980000.00,12155000.00,0.00,12155000.00,0.00,26455000.00,3475000.00,NULL),(70,'NOPE','CLOSING_SALDO_AWAL',NULL,'2013-04-04',354,127,NULL,20940000.00,17160000.00,0.00,17160000.00,0.00,24115000.00,3175000.00,NULL),(71,'NOPE','CLOSING_SALDO_AWAL',NULL,'2013-04-04',315,942,NULL,137205000.00,111885000.00,10595000.00,142875000.00,0.00,140360000.00,23550000.00,NULL);
/*!40000 ALTER TABLE `tr_closing_bulanan` ENABLE KEYS */;
UNLOCK TABLES;

--
-- Table structure for table `tr_closing_tahunan`
--

DROP TABLE IF EXISTS `tr_closing_tahunan`;
/*!40101 SET @saved_cs_client     = @@character_set_client */;
/*!40101 SET character_set_client = utf8 */;
CREATE TABLE `tr_closing_tahunan` (
  `id` int(11) NOT NULL AUTO_INCREMENT,
  `closed_for` varchar(255) DEFAULT NULL,
  `periodeAkhir` date DEFAULT NULL,
  `periodeAwal` date DEFAULT NULL,
  `tglClosing` date DEFAULT NULL,
  `total_angsuran` decimal(19,2) DEFAULT '0.00',
  `total_bayar` decimal(19,2) DEFAULT '0.00',
  `total_cicilan` decimal(19,2) DEFAULT '0.00',
  `total_kasbon` decimal(19,2) DEFAULT '0.00',
  `total_overtime` decimal(19,2) DEFAULT '0.00',
  `total_setoran` decimal(19,2) DEFAULT '0.00',
  `total_tabungan` decimal(19,2) DEFAULT '0.00',
  `user_set` varchar(255) DEFAULT NULL,
  PRIMARY KEY (`id`)
) ENGINE=InnoDB DEFAULT CHARSET=utf8;
/*!40101 SET character_set_client = @saved_cs_client */;

--
-- Dumping data for table `tr_closing_tahunan`
--

LOCK TABLES `tr_closing_tahunan` WRITE;
/*!40000 ALTER TABLE `tr_closing_tahunan` DISABLE KEYS */;
/*!40000 ALTER TABLE `tr_closing_tahunan` ENABLE KEYS */;
UNLOCK TABLES;

--
-- Table structure for table `tr_pth_closing_bulanan`
--

DROP TABLE IF EXISTS `tr_pth_closing_bulanan`;
/*!40101 SET @saved_cs_client     = @@character_set_client */;
/*!40101 SET character_set_client = utf8 */;
CREATE TABLE `tr_pth_closing_bulanan` (
  `id` int(11) NOT NULL AUTO_INCREMENT,
  `closed_for` varchar(255) DEFAULT NULL,
  `periodeBulan` date DEFAULT NULL,
  `ref_setoranKe` int(11) DEFAULT NULL,
  `tglClosing` date DEFAULT NULL,
  `total_angsuran` decimal(19,2) DEFAULT '0.00',
  `total_bayar` decimal(19,2) DEFAULT '0.00',
  `total_cicilan` decimal(19,2) DEFAULT '0.00',
  `total_kasbon` decimal(19,2) DEFAULT '0.00',
  `total_overtime` decimal(19,2) DEFAULT '0.00',
  `total_setoran` decimal(19,2) DEFAULT '0.00',
  `total_tabungan` decimal(19,2) DEFAULT '0.00',
  `user_set` varchar(255) DEFAULT NULL,
  PRIMARY KEY (`id`)
) ENGINE=InnoDB DEFAULT CHARSET=utf8;
/*!40101 SET character_set_client = @saved_cs_client */;

--
-- Dumping data for table `tr_pth_closing_bulanan`
--

LOCK TABLES `tr_pth_closing_bulanan` WRITE;
/*!40000 ALTER TABLE `tr_pth_closing_bulanan` DISABLE KEYS */;
/*!40000 ALTER TABLE `tr_pth_closing_bulanan` ENABLE KEYS */;
UNLOCK TABLES;

--
-- Table structure for table `tr_pth_closing_tahunan`
--

DROP TABLE IF EXISTS `tr_pth_closing_tahunan`;
/*!40101 SET @saved_cs_client     = @@character_set_client */;
/*!40101 SET character_set_client = utf8 */;
CREATE TABLE `tr_pth_closing_tahunan` (
  `id` int(11) NOT NULL AUTO_INCREMENT,
  `closed_for` varchar(255) DEFAULT NULL,
  `periodeAkhir` date DEFAULT NULL,
  `periodeAwal` date DEFAULT NULL,
  `tglClosing` date DEFAULT NULL,
  `total_angsuran` decimal(19,2) DEFAULT '0.00',
  `total_bayar` decimal(19,2) DEFAULT '0.00',
  `total_cicilan` decimal(19,2) DEFAULT '0.00',
  `total_kasbon` decimal(19,2) DEFAULT '0.00',
  `total_overtime` decimal(19,2) DEFAULT '0.00',
  `total_setoran` decimal(19,2) DEFAULT '0.00',
  `total_tabungan` decimal(19,2) DEFAULT '0.00',
  `user_set` varchar(255) DEFAULT NULL,
  PRIMARY KEY (`id`)
) ENGINE=InnoDB DEFAULT CHARSET=utf8;
/*!40101 SET character_set_client = @saved_cs_client */;

--
-- Dumping data for table `tr_pth_closing_tahunan`
--

LOCK TABLES `tr_pth_closing_tahunan` WRITE;
/*!40000 ALTER TABLE `tr_pth_closing_tahunan` DISABLE KEYS */;
/*!40000 ALTER TABLE `tr_pth_closing_tahunan` ENABLE KEYS */;
UNLOCK TABLES;

--
-- Table structure for table `tr_setoran`
--

DROP TABLE IF EXISTS `tr_setoran`;
/*!40101 SET @saved_cs_client     = @@character_set_client */;
/*!40101 SET character_set_client = utf8 */;
CREATE TABLE `tr_setoran` (
  `id` int(11) NOT NULL AUTO_INCREMENT,
  `closing_status` varchar(255) DEFAULT NULL,
  `setoran_counter` int(11) DEFAULT NULL,
  `jalan_state` varchar(255) DEFAULT NULL,
  `kode_setoran` varchar(255) NOT NULL,
  `tr_status` varchar(255) DEFAULT NULL,
  `tglJatuhTempo` date DEFAULT NULL,
  `tglSPO` date DEFAULT NULL,
  `tglSetoran` date DEFAULT NULL,
  `total_hutang` decimal(19,2) DEFAULT NULL,
  `total_setoran` decimal(19,2) DEFAULT NULL,
  `kode_user` varchar(255) DEFAULT NULL,
  `id_closing_bulan` int(11) DEFAULT NULL,
  `id_closing_tahun` int(11) DEFAULT NULL,
  `id_komposisi` int(11) DEFAULT NULL,
  PRIMARY KEY (`id`),
  UNIQUE KEY `kode_setoran` (`kode_setoran`),
  KEY `FKBAAD3FF11FE03FDB` (`id_closing_bulan`),
  KEY `FKBAAD3FF1B6B4BA77` (`id_closing_tahun`),
  KEY `FKBAAD3FF1936CD811` (`id_komposisi`),
  KEY `FKBAAD3FF1CD8F31B3` (`id_komposisi`),
  CONSTRAINT `FKBAAD3FF11FE03FDB` FOREIGN KEY (`id_closing_bulan`) REFERENCES `tr_closing_bulanan` (`id`),
  CONSTRAINT `FKBAAD3FF1936CD811` FOREIGN KEY (`id_komposisi`) REFERENCES `number_factory` (`id`),
  CONSTRAINT `FKBAAD3FF1B6B4BA77` FOREIGN KEY (`id_closing_tahun`) REFERENCES `tr_closing_tahunan` (`id`),
  CONSTRAINT `FKBAAD3FF1CD8F31B3` FOREIGN KEY (`id_komposisi`) REFERENCES `komposisi_setoran` (`id`)
) ENGINE=InnoDB AUTO_INCREMENT=563 DEFAULT CHARSET=utf8;
/*!40101 SET character_set_client = @saved_cs_client */;

--
-- Dumping data for table `tr_setoran`
--

LOCK TABLES `tr_setoran` WRITE;
/*!40000 ALTER TABLE `tr_setoran` DISABLE KEYS */;
INSERT INTO `tr_setoran` VALUES (1,'AVAILABLE',885,'J','230513-SET-B-131','L','2013-05-02','2013-05-01','2013-05-23',22325000.00,0.00,NULL,NULL,NULL,1),(2,'AVAILABLE',943,'J','230513-SET-B-132','L','2013-05-02','2013-05-01','2013-05-23',20570000.00,0.00,NULL,NULL,NULL,1),(3,'AVAILABLE',948,'J','230513-SET-B-133','L','2013-05-02','2013-05-01','2013-05-23',175000.00,0.00,NULL,NULL,NULL,1),(4,'AVAILABLE',941,'J','230513-SET-B-134','L','2013-05-02','2013-05-01','2013-05-23',3570000.00,0.00,NULL,NULL,NULL,1),(5,'AVAILABLE',949,'J','230513-SET-B-135','L','2013-05-02','2013-05-01','2013-05-23',2610000.00,0.00,NULL,NULL,NULL,1),(6,'AVAILABLE',870,'J','230513-SET-B-136','L','2013-05-02','2013-05-01','2013-05-23',0.00,175000.00,NULL,NULL,NULL,1),(7,'AVAILABLE',870,'J','230513-SET-B-137','L','2013-05-02','2013-05-01','2013-05-23',2460000.00,0.00,NULL,NULL,NULL,1),(8,'AVAILABLE',868,'J','230513-SET-B-138','L','2013-05-02','2013-05-01','2013-05-23',1140000.00,0.00,NULL,NULL,NULL,1),(9,'AVAILABLE',862,'J','230513-SET-B-139','L','2013-05-02','2013-05-01','2013-05-23',10205000.00,0.00,NULL,NULL,NULL,1),(10,'AVAILABLE',795,'J','230513-SET-B-140','L','2013-05-02','2013-05-01','2013-05-23',10555000.00,0.00,NULL,NULL,NULL,1),(11,'AVAILABLE',354,'J','230513-SET-B-141','L','2013-05-02','2013-05-01','2013-05-23',175000.00,0.00,NULL,NULL,NULL,1),(12,'AVAILABLE',328,'J','230513-SET-B-142','L','2013-05-02','2013-05-01','2013-05-23',175000.00,0.00,NULL,NULL,NULL,1),(13,'AVAILABLE',209,'J','230513-SET-B-143','L','2013-05-02','2013-05-01','2013-05-23',175000.00,0.00,NULL,NULL,NULL,1),(14,'AVAILABLE',200,'J','230513-SET-B-144','L','2013-05-02','2013-05-01','2013-05-23',3130000.00,0.00,NULL,NULL,NULL,1),(15,'AVAILABLE',325,'J','230513-SET-B-145','L','2013-05-02','2013-05-01','2013-05-23',175000.00,0.00,NULL,NULL,NULL,1),(16,'AVAILABLE',377,'J','230513-SET-B-146','L','2013-05-02','2013-05-01','2013-05-23',175000.00,0.00,NULL,NULL,NULL,1),(17,'AVAILABLE',368,'J','230513-SET-B-147','L','2013-05-02','2013-05-01','2013-05-23',465000.00,0.00,NULL,NULL,NULL,1),(18,'AVAILABLE',398,'J','230513-SET-B-148','L','2013-05-02','2013-05-01','2013-05-23',3025000.00,0.00,NULL,NULL,NULL,1),(19,'AVAILABLE',398,'J','230513-SET-B-149','L','2013-05-02','2013-05-01','2013-05-23',175000.00,0.00,NULL,NULL,NULL,1),(20,'AVAILABLE',368,'J','230513-SET-B-150','L','2013-05-02','2013-05-01','2013-05-23',175000.00,0.00,NULL,NULL,NULL,1),(21,'AVAILABLE',362,'J','230513-SET-B-151','L','2013-05-02','2013-05-01','2013-05-23',175000.00,0.00,NULL,NULL,NULL,1),(22,'AVAILABLE',377,'J','230513-SET-B-152','L','2013-05-02','2013-05-01','2013-05-23',0.00,395000.00,NULL,NULL,NULL,1),(23,'AVAILABLE',367,'J','230513-SET-B-153','L','2013-05-02','2013-05-01','2013-05-23',2715000.00,0.00,NULL,NULL,NULL,1),(24,'AVAILABLE',398,'J','230513-SET-B-154','L','2013-05-02','2013-05-01','2013-05-23',350000.00,0.00,NULL,NULL,NULL,1),(25,'AVAILABLE',192,'J','230513-SET-B-155',NULL,'2013-05-02','2013-05-01','2013-05-23',0.00,175000.00,NULL,NULL,NULL,1),(26,'AVAILABLE',240,'J','230513-SET-B-156','L','2013-05-02','2013-05-01','2013-05-23',175000.00,0.00,NULL,NULL,NULL,1),(27,'AVAILABLE',264,'J','230513-SET-B-157','L','2013-05-02','2013-05-01','2013-05-23',175000.00,0.00,NULL,NULL,NULL,1),(28,'AVAILABLE',301,'J','230513-SET-B-158',NULL,'2013-05-02','2013-05-01','2013-05-23',0.00,175000.00,NULL,NULL,NULL,1),(29,'AVAILABLE',259,'J','230513-SET-B-159','L','2013-05-02','2013-05-01','2013-05-23',175000.00,0.00,NULL,NULL,NULL,1),(30,'AVAILABLE',886,'J','230513-SET-B-160','L','2013-05-03','2013-05-02','2013-05-23',22500000.00,0.00,NULL,NULL,NULL,1),(31,'AVAILABLE',944,'J','230513-SET-B-161','L','2013-05-03','2013-05-02','2013-05-23',20745000.00,0.00,NULL,NULL,NULL,1),(32,'AVAILABLE',949,'J','230513-SET-B-162',NULL,'2013-05-03','2013-05-02','2013-05-23',0.00,350000.00,NULL,NULL,NULL,1),(33,'AVAILABLE',942,'M','230513-SET-B-163','L','2013-05-03','2013-05-02','2013-05-23',3745000.00,0.00,NULL,NULL,NULL,1),(34,'AVAILABLE',950,'J','230513-SET-B-164','L','2013-05-03','2013-05-02','2013-05-23',2610000.00,175000.00,NULL,NULL,NULL,1),(35,'AVAILABLE',871,'J','230513-SET-B-165',NULL,'2013-05-03','2013-05-02','2013-05-23',0.00,175000.00,NULL,NULL,NULL,1),(36,'AVAILABLE',871,'J','230513-SET-B-166','L','2013-05-03','2013-05-02','2013-05-23',2635000.00,0.00,NULL,NULL,NULL,1),(37,'AVAILABLE',869,'J','230513-SET-B-167','L','2013-05-03','2013-05-02','2013-05-23',1315000.00,0.00,NULL,NULL,NULL,1),(38,'AVAILABLE',863,'J','230513-SET-B-168','L','2013-05-03','2013-05-02','2013-05-23',10380000.00,0.00,NULL,NULL,NULL,1),(39,'AVAILABLE',796,'J','230513-SET-B-169','L','2013-05-03','2013-05-02','2013-05-23',10730000.00,0.00,NULL,NULL,NULL,1),(40,'AVAILABLE',355,'J','230513-SET-B-170','L','2013-05-03','2013-05-02','2013-05-23',350000.00,0.00,NULL,NULL,NULL,1),(41,'AVAILABLE',329,'J','230513-SET-B-171','L','2013-05-03','2013-05-02','2013-05-23',350000.00,0.00,NULL,NULL,NULL,1),(42,'AVAILABLE',210,'J','230513-SET-B-172','L','2013-05-03','2013-05-02','2013-05-23',350000.00,0.00,NULL,NULL,NULL,1),(43,'AVAILABLE',201,'J','230513-SET-B-173','L','2013-05-03','2013-05-02','2013-05-23',3305000.00,0.00,NULL,NULL,NULL,1),(44,'AVAILABLE',326,'J','230513-SET-B-174','L','2013-05-03','2013-05-02','2013-05-23',350000.00,0.00,NULL,NULL,NULL,1),(45,'AVAILABLE',378,'J','230513-SET-B-175','L','2013-05-03','2013-05-02','2013-05-23',350000.00,0.00,NULL,NULL,NULL,1),(46,'AVAILABLE',369,'J','230513-SET-B-176','L','2013-05-03','2013-05-02','2013-05-23',640000.00,0.00,NULL,NULL,NULL,1),(47,'AVAILABLE',399,'J','230513-SET-B-177','L','2013-05-03','2013-05-02','2013-05-23',3200000.00,0.00,NULL,NULL,NULL,1),(48,'AVAILABLE',399,'J','230513-SET-B-178','L','2013-05-03','2013-05-02','2013-05-23',350000.00,0.00,NULL,NULL,NULL,1),(49,'AVAILABLE',369,'J','230513-SET-B-179','L','2013-05-03','2013-05-02','2013-05-23',0.00,350000.00,NULL,NULL,NULL,1),(50,'AVAILABLE',363,'J','230513-SET-B-180','L','2013-05-03','2013-05-02','2013-05-23',350000.00,0.00,NULL,NULL,NULL,1),(51,'AVAILABLE',378,'J','230513-SET-B-181',NULL,'2013-05-03','2013-05-02','2013-05-23',0.00,175000.00,NULL,NULL,NULL,1),(52,'AVAILABLE',368,'J','230513-SET-B-182','L','2013-05-03','2013-05-02','2013-05-23',2890000.00,0.00,NULL,NULL,NULL,1),(53,'AVAILABLE',399,'J','230513-SET-B-183','L','2013-05-03','2013-05-02','2013-05-23',525000.00,0.00,NULL,NULL,NULL,1),(54,'AVAILABLE',193,'J','230513-SET-B-184','L','2013-05-03','2013-05-02','2013-05-23',175000.00,0.00,NULL,NULL,NULL,1),(55,'AVAILABLE',241,'M','230513-SET-B-185','L','2013-05-03','2013-05-02','2013-05-23',350000.00,0.00,NULL,NULL,NULL,1),(56,'AVAILABLE',265,'J','230513-SET-B-186','L','2013-05-03','2013-05-02','2013-05-23',350000.00,0.00,NULL,NULL,NULL,1),(57,'AVAILABLE',302,'J','230513-SET-B-187','L','2013-05-03','2013-05-02','2013-05-23',0.00,175000.00,NULL,NULL,NULL,1),(58,'AVAILABLE',260,'M','230513-SET-B-188',NULL,'2013-05-03','2013-05-02','2013-05-23',0.00,350000.00,NULL,NULL,NULL,1),(59,'AVAILABLE',887,'J','240513-SET-B-189','L','2013-05-04','2013-05-03','2013-05-24',22675000.00,0.00,NULL,NULL,NULL,1),(60,'AVAILABLE',945,'J','240513-SET-B-190','L','2013-05-04','2013-05-03','2013-05-24',20920000.00,0.00,NULL,NULL,NULL,1),(61,'AVAILABLE',950,'J','240513-SET-B-191','L','2013-05-04','2013-05-03','2013-05-24',175000.00,0.00,NULL,NULL,NULL,1),(62,'AVAILABLE',943,'J','240513-SET-B-192','L','2013-05-04','2013-05-03','2013-05-24',3920000.00,0.00,NULL,NULL,NULL,1),(63,'AVAILABLE',951,'J','240513-SET-B-193','L','2013-05-04','2013-05-03','2013-05-24',2785000.00,0.00,NULL,NULL,NULL,1),(64,'AVAILABLE',872,'J','240513-SET-B-194','L','2013-05-04','2013-05-03','2013-05-24',175000.00,0.00,NULL,NULL,NULL,1),(65,'AVAILABLE',872,'J','240513-SET-B-195','L','2013-05-04','2013-05-03','2013-05-24',2810000.00,0.00,NULL,NULL,NULL,1),(66,'AVAILABLE',870,'J','240513-SET-B-196','L','2013-05-04','2013-05-03','2013-05-24',1490000.00,0.00,NULL,NULL,NULL,1),(67,'AVAILABLE',864,'J','240513-SET-B-197','L','2013-05-04','2013-05-03','2013-05-24',10555000.00,0.00,NULL,NULL,NULL,1),(68,'AVAILABLE',797,'J','240513-SET-B-198','L','2013-05-04','2013-05-03','2013-05-24',10905000.00,0.00,NULL,NULL,NULL,1),(69,'AVAILABLE',356,'J','240513-SET-B-199','L','2013-05-04','2013-05-03','2013-05-24',525000.00,0.00,NULL,NULL,NULL,1),(70,'AVAILABLE',330,'J','240513-SET-B-200','L','2013-05-04','2013-05-03','2013-05-24',525000.00,0.00,NULL,NULL,NULL,1),(71,'AVAILABLE',211,'J','240513-SET-B-201','L','2013-05-04','2013-05-03','2013-05-24',525000.00,0.00,NULL,NULL,NULL,1),(72,'AVAILABLE',202,'J','240513-SET-B-202','L','2013-05-04','2013-05-03','2013-05-24',3480000.00,0.00,NULL,NULL,NULL,1),(73,'AVAILABLE',327,'J','240513-SET-B-203','L','2013-05-04','2013-05-03','2013-05-24',525000.00,0.00,NULL,NULL,NULL,1),(74,'AVAILABLE',379,'J','240513-SET-B-204','L','2013-05-04','2013-05-03','2013-05-24',0.00,525000.00,NULL,NULL,NULL,1),(75,'AVAILABLE',370,'J','240513-SET-B-205','L','2013-05-04','2013-05-03','2013-05-24',815000.00,0.00,NULL,NULL,NULL,1),(76,'AVAILABLE',400,'J','240513-SET-B-206','L','2013-05-04','2013-05-03','2013-05-24',525000.00,0.00,NULL,NULL,NULL,1),(77,'AVAILABLE',400,'J','240513-SET-B-207','L','2013-05-04','2013-05-03','2013-05-24',3375000.00,0.00,NULL,NULL,NULL,1),(78,'AVAILABLE',370,'J','240513-SET-B-208','L','2013-05-04','2013-05-03','2013-05-24',175000.00,0.00,NULL,NULL,NULL,1),(79,'AVAILABLE',364,'J','240513-SET-B-209','L','2013-05-04','2013-05-03','2013-05-24',525000.00,0.00,NULL,NULL,NULL,1),(80,'AVAILABLE',379,'J','240513-SET-B-210','L','2013-05-04','2013-05-03','2013-05-24',175000.00,0.00,NULL,NULL,NULL,1),(81,'AVAILABLE',369,'J','240513-SET-B-211','L','2013-05-04','2013-05-03','2013-05-24',700000.00,700000.00,NULL,NULL,NULL,1),(82,'AVAILABLE',400,'J','240513-SET-B-212','L','2013-05-04','2013-05-03','2013-05-24',700000.00,0.00,NULL,NULL,NULL,1),(83,'AVAILABLE',194,'J','240513-SET-B-213','L','2013-05-04','2013-05-03','2013-05-24',350000.00,0.00,NULL,NULL,NULL,1),(84,'AVAILABLE',242,'J','240513-SET-B-214','L','2013-05-04','2013-05-03','2013-05-24',525000.00,0.00,NULL,NULL,NULL,1),(85,'AVAILABLE',266,'J','240513-SET-B-215','L','2013-05-04','2013-05-03','2013-05-24',525000.00,0.00,NULL,NULL,NULL,1),(86,'AVAILABLE',303,'J','240513-SET-B-216','L','2013-05-04','2013-05-03','2013-05-24',175000.00,0.00,NULL,NULL,NULL,1),(87,'AVAILABLE',261,'J','240513-SET-B-217','L','2013-05-04','2013-05-03','2013-05-24',175000.00,0.00,NULL,NULL,NULL,1),(88,'AVAILABLE',888,'J','240513-SET-B-218','L','2013-05-05','2013-05-04','2013-05-24',22850000.00,0.00,NULL,NULL,NULL,1),(89,'AVAILABLE',946,'J','240513-SET-B-219','L','2013-05-05','2013-05-04','2013-05-24',700000.00,700000.00,NULL,NULL,NULL,1),(90,'AVAILABLE',951,'J','240513-SET-B-220','L','2013-05-05','2013-05-04','2013-05-24',350000.00,0.00,NULL,NULL,NULL,1),(91,'AVAILABLE',944,'J','240513-SET-B-221','L','2013-05-05','2013-05-04','2013-05-24',4095000.00,0.00,NULL,NULL,NULL,1),(92,'AVAILABLE',952,'J','240513-SET-B-222','L','2013-05-05','2013-05-04','2013-05-24',2785000.00,175000.00,NULL,NULL,NULL,1),(93,'AVAILABLE',873,'J','240513-SET-B-223','L','2013-05-05','2013-05-04','2013-05-24',350000.00,0.00,NULL,NULL,NULL,1),(94,'AVAILABLE',873,'M','240513-SET-B-224','L','2013-05-05','2013-05-04','2013-05-24',2985000.00,0.00,NULL,NULL,NULL,1),(95,'AVAILABLE',871,'J','240513-SET-B-225','L','2013-05-05','2013-05-04','2013-05-24',1665000.00,0.00,NULL,NULL,NULL,1),(96,'AVAILABLE',865,'J','240513-SET-B-226','L','2013-05-05','2013-05-04','2013-05-24',10730000.00,0.00,NULL,NULL,NULL,1),(97,'AVAILABLE',798,'J','240513-SET-B-227','L','2013-05-05','2013-05-04','2013-05-24',11080000.00,0.00,NULL,NULL,NULL,1),(98,'AVAILABLE',357,'J','240513-SET-B-228','L','2013-05-05','2013-05-04','2013-05-24',700000.00,0.00,NULL,NULL,NULL,1),(99,'AVAILABLE',331,'J','240513-SET-B-229','L','2013-05-05','2013-05-04','2013-05-24',700000.00,0.00,NULL,NULL,NULL,1),(100,'AVAILABLE',212,'J','240513-SET-B-230',NULL,'2013-05-05','2013-05-04','2013-05-24',0.00,700000.00,NULL,NULL,NULL,1),(101,'AVAILABLE',203,'J','240513-SET-B-231','L','2013-05-05','2013-05-04','2013-05-24',3655000.00,0.00,NULL,NULL,NULL,1),(102,'AVAILABLE',328,'J','240513-SET-B-232','L','2013-05-05','2013-05-04','2013-05-24',700000.00,0.00,NULL,NULL,NULL,1),(103,'AVAILABLE',380,'J','240513-SET-B-233','L','2013-05-05','2013-05-04','2013-05-24',175000.00,0.00,NULL,NULL,NULL,1),(104,'AVAILABLE',371,'J','240513-SET-B-234','L','2013-05-05','2013-05-04','2013-05-24',990000.00,0.00,NULL,NULL,NULL,1),(105,'AVAILABLE',401,'J','240513-SET-B-235','L','2013-05-05','2013-05-04','2013-05-24',3550000.00,0.00,NULL,NULL,NULL,1),(106,'AVAILABLE',401,'J','240513-SET-B-236','L','2013-05-05','2013-05-04','2013-05-24',700000.00,0.00,NULL,NULL,NULL,1),(107,'AVAILABLE',371,'J','240513-SET-B-237',NULL,'2013-05-05','2013-05-04','2013-05-24',0.00,350000.00,NULL,NULL,NULL,1),(108,'AVAILABLE',365,'J','240513-SET-B-238','L','2013-05-05','2013-05-04','2013-05-24',700000.00,0.00,NULL,NULL,NULL,1),(109,'AVAILABLE',380,'J','240513-SET-B-239','L','2013-05-05','2013-05-04','2013-05-24',350000.00,0.00,NULL,NULL,NULL,1),(110,'AVAILABLE',370,'J','240513-SET-B-240','L','2013-05-05','2013-05-04','2013-05-24',2540000.00,0.00,NULL,NULL,NULL,1),(111,'AVAILABLE',401,'J','240513-SET-B-241','L','2013-05-05','2013-05-04','2013-05-24',875000.00,0.00,NULL,NULL,NULL,1),(112,'AVAILABLE',195,'J','240513-SET-B-242',NULL,'2013-05-05','2013-05-04','2013-05-24',0.00,525000.00,NULL,NULL,NULL,1),(113,'AVAILABLE',243,'J','240513-SET-B-243','L','2013-05-05','2013-05-04','2013-05-24',700000.00,0.00,NULL,NULL,NULL,1),(114,'AVAILABLE',267,'J','240513-SET-B-244','L','2013-05-05','2013-05-04','2013-05-24',700000.00,0.00,NULL,NULL,NULL,1),(115,'AVAILABLE',304,'J','240513-SET-B-245',NULL,'2013-05-05','2013-05-04','2013-05-24',0.00,350000.00,NULL,NULL,NULL,1),(116,'AVAILABLE',262,'J','240513-SET-B-246','L','2013-05-05','2013-05-04','2013-05-24',350000.00,0.00,NULL,NULL,NULL,1),(117,'AVAILABLE',889,'J','240513-SET-B-247','L','2013-05-06','2013-05-05','2013-05-24',23025000.00,0.00,NULL,NULL,NULL,1),(118,'AVAILABLE',947,'J','240513-SET-B-248','L','2013-05-06','2013-05-05','2013-05-24',20570000.00,0.00,NULL,NULL,NULL,1),(119,'AVAILABLE',952,'J','240513-SET-B-249','L','2013-05-06','2013-05-05','2013-05-24',525000.00,0.00,NULL,NULL,NULL,1),(120,'AVAILABLE',945,'J','240513-SET-B-250','L','2013-05-06','2013-05-05','2013-05-24',4270000.00,0.00,NULL,NULL,NULL,1),(121,'AVAILABLE',953,'J','240513-SET-B-251','L','2013-05-06','2013-05-05','2013-05-24',2610000.00,175000.00,NULL,NULL,NULL,1),(122,'AVAILABLE',874,'J','240513-SET-B-252','L','2013-05-06','2013-05-05','2013-05-24',350000.00,350000.00,NULL,NULL,NULL,1),(123,'AVAILABLE',874,'J','240513-SET-B-253','L','2013-05-06','2013-05-05','2013-05-24',3160000.00,0.00,NULL,NULL,NULL,1),(124,'AVAILABLE',872,'J','240513-SET-B-254','L','2013-05-06','2013-05-05','2013-05-24',1840000.00,0.00,NULL,NULL,NULL,1),(125,'AVAILABLE',866,'M','240513-SET-B-255','L','2013-05-07','2013-05-24','2013-05-24',10905000.00,0.00,NULL,NULL,NULL,1),(126,'AVAILABLE',799,'J','240513-SET-B-256','L','2013-05-06','2013-05-05','2013-05-24',11255000.00,0.00,NULL,NULL,NULL,1),(127,'AVAILABLE',358,'J','240513-SET-B-257','L','2013-05-06','2013-05-05','2013-05-24',875000.00,0.00,NULL,NULL,NULL,1),(129,'AVAILABLE',332,'J','240513-SET-B-259',NULL,'2013-05-06','2013-05-05','2013-05-24',0.00,875000.00,NULL,NULL,NULL,1),(130,'AVAILABLE',213,'J','240513-SET-B-260','L','2013-05-06','2013-05-05','2013-05-24',175000.00,0.00,NULL,NULL,NULL,1),(131,'AVAILABLE',204,'J','240513-SET-B-261','L','2013-05-06','2013-05-05','2013-05-24',3830000.00,0.00,NULL,NULL,NULL,1),(132,'AVAILABLE',329,'J','240513-SET-B-262',NULL,'2013-05-06','2013-05-05','2013-05-24',0.00,875000.00,NULL,NULL,NULL,1),(133,'AVAILABLE',381,'J','240513-SET-B-263','L','2013-05-06','2013-05-05','2013-05-24',0.00,350000.00,NULL,NULL,NULL,1),(134,'AVAILABLE',372,'J','240513-SET-B-264','L','2013-05-06','2013-05-05','2013-05-24',1165000.00,0.00,NULL,NULL,NULL,1),(135,'AVAILABLE',402,'J','240513-SET-B-265','L','2013-05-06','2013-05-05','2013-05-24',3725000.00,0.00,NULL,NULL,NULL,1),(136,'AVAILABLE',402,'J','240513-SET-B-266','L','2013-05-06','2013-05-05','2013-05-24',175000.00,525000.00,NULL,NULL,NULL,1),(137,'AVAILABLE',372,'J','240513-SET-B-267','L','2013-05-06','2013-05-05','2013-05-24',175000.00,0.00,NULL,NULL,NULL,1),(138,'AVAILABLE',366,'J','240513-SET-B-268','L','2013-05-06','2013-05-05','2013-05-24',875000.00,0.00,NULL,NULL,NULL,1),(139,'AVAILABLE',381,'J','240513-SET-B-269','L','2013-05-06','2013-05-05','2013-05-24',525000.00,0.00,NULL,NULL,NULL,1),(140,'AVAILABLE',371,'J','240513-SET-B-270','L','2013-05-06','2013-05-05','2013-05-24',2165000.00,375000.00,NULL,NULL,NULL,1),(141,'AVAILABLE',402,'J','240513-SET-B-271','L','2013-05-06','2013-05-05','2013-05-24',1050000.00,0.00,NULL,NULL,NULL,1),(142,'AVAILABLE',196,'J','240513-SET-B-272','L','2013-05-06','2013-05-05','2013-05-24',175000.00,0.00,NULL,NULL,NULL,1),(143,'AVAILABLE',244,'J','240513-SET-B-273','L','2013-05-06','2013-05-05','2013-05-24',875000.00,0.00,NULL,NULL,NULL,1),(144,'AVAILABLE',268,'J','240513-SET-B-274','L','2013-05-06','2013-05-05','2013-05-24',875000.00,0.00,NULL,NULL,NULL,1),(145,'AVAILABLE',305,'J','240513-SET-B-275','L','2013-05-06','2013-05-05','2013-05-24',175000.00,0.00,NULL,NULL,NULL,1),(146,'AVAILABLE',306,'J','240513-SET-B-276','L','2013-05-06','2013-05-05','2013-05-24',350000.00,0.00,NULL,NULL,NULL,1),(147,'AVAILABLE',263,'M','240513-SET-B-277','L','2013-05-06','2013-05-05','2013-05-24',0.00,525000.00,NULL,NULL,NULL,1),(148,'AVAILABLE',890,'J','280513-SET-B-223','L','2013-05-07','2013-05-06','2013-05-28',23200000.00,0.00,NULL,NULL,NULL,1),(149,'AVAILABLE',948,'J','280513-SET-B-224','L','2013-05-07','2013-05-06','2013-05-28',20745000.00,0.00,NULL,NULL,NULL,1),(150,'AVAILABLE',953,'J','280513-SET-B-225',NULL,'2013-05-07','2013-05-06','2013-05-28',0.00,700000.00,NULL,NULL,NULL,1),(151,'AVAILABLE',946,'J','280513-SET-B-226','L','2013-05-07','2013-05-06','2013-05-28',4445000.00,0.00,NULL,NULL,NULL,1),(152,'AVAILABLE',954,'J','280513-SET-B-227','L','2013-05-07','2013-05-06','2013-05-28',2960000.00,0.00,NULL,NULL,NULL,1),(153,'AVAILABLE',875,'J','280513-SET-B-228','L','2013-05-07','2013-05-06','2013-05-28',175000.00,175000.00,NULL,NULL,NULL,1),(154,'AVAILABLE',875,'J','280513-SET-B-229','L','2013-05-07','2013-05-06','2013-05-28',3335000.00,0.00,NULL,NULL,NULL,1),(155,'AVAILABLE',873,'J','280513-SET-B-230','L','2013-05-07','2013-05-06','2013-05-28',2015000.00,0.00,NULL,NULL,NULL,1),(156,'AVAILABLE',867,'J','280513-SET-B-231','L','2013-05-07','2013-05-06','2013-05-28',10380000.00,700000.00,NULL,NULL,NULL,1),(157,'AVAILABLE',800,'J','280513-SET-B-232','L','2013-05-07','2013-05-06','2013-05-28',11430000.00,0.00,NULL,NULL,NULL,1),(158,'AVAILABLE',359,'J','280513-SET-B-233','L','2013-05-07','2013-05-06','2013-05-28',1050000.00,0.00,NULL,NULL,NULL,1),(159,'AVAILABLE',333,'J','280513-SET-B-234','L','2013-05-07','2013-05-06','2013-05-28',175000.00,0.00,NULL,NULL,NULL,1),(160,'AVAILABLE',214,'J','280513-SET-B-235','L','2013-05-07','2013-05-06','2013-05-28',175000.00,175000.00,NULL,NULL,NULL,1),(161,'AVAILABLE',205,'J','280513-SET-B-236','L','2013-05-07','2013-05-06','2013-05-28',3130000.00,875000.00,NULL,NULL,NULL,1),(162,'AVAILABLE',330,'J','280513-SET-B-237','L','2013-05-07','2013-05-06','2013-05-28',175000.00,0.00,NULL,NULL,NULL,1),(163,'AVAILABLE',382,'M','280513-SET-B-238','L','2013-05-07','2013-05-06','2013-05-28',0.00,175000.00,NULL,NULL,NULL,1),(164,'AVAILABLE',373,'J','280513-SET-B-239','L','2013-05-07','2013-05-06','2013-05-28',1340000.00,0.00,NULL,NULL,NULL,1),(165,'AVAILABLE',403,'J','280513-SET-B-240','L','2013-05-07','2013-05-06','2013-05-28',2850000.00,1050000.00,NULL,NULL,NULL,1),(166,'AVAILABLE',403,'J','280513-SET-B-241','L','2013-05-07','2013-05-06','2013-05-28',350000.00,175000.00,NULL,NULL,NULL,1),(167,'AVAILABLE',373,'J','280513-SET-B-242','L','2013-05-07','2013-05-06','2013-05-28',350000.00,0.00,NULL,NULL,NULL,1),(168,'AVAILABLE',367,'J','280513-SET-B-243','L','2013-05-07','2013-05-06','2013-05-28',1050000.00,0.00,NULL,NULL,NULL,1),(169,'AVAILABLE',382,'J','280513-SET-B-244','L','2013-05-07','2013-05-06','2013-05-28',175000.00,525000.00,NULL,NULL,NULL,1),(170,'AVAILABLE',372,'J','280513-SET-B-245','L','2013-05-07','2013-05-06','2013-05-28',2515000.00,0.00,NULL,NULL,NULL,1),(171,'AVAILABLE',403,'J','280513-SET-B-246','L','2013-05-07','2013-05-06','2013-05-28',1225000.00,0.00,NULL,NULL,NULL,1),(172,'AVAILABLE',197,'J','280513-SET-B-247','L','2013-05-07','2013-05-06','2013-05-28',0.00,350000.00,NULL,NULL,NULL,1),(173,'AVAILABLE',245,'J','280513-SET-B-248','L','2013-05-07','2013-05-06','2013-05-28',1050000.00,0.00,NULL,NULL,NULL,1),(174,'AVAILABLE',269,'J','280513-SET-B-249','L','2013-05-07','2013-05-06','2013-05-28',525000.00,525000.00,NULL,NULL,NULL,1),(175,'AVAILABLE',307,'J','280513-SET-B-250',NULL,'2013-05-07','2013-05-06','2013-05-28',0.00,350000.00,NULL,NULL,NULL,1),(176,'AVAILABLE',264,'J','280513-SET-B-251','L','2013-05-07','2013-05-06','2013-05-28',175000.00,0.00,NULL,NULL,NULL,1),(177,'AVAILABLE',891,'J','280513-SET-B-252','L','2013-05-08','2013-05-07','2013-05-28',23375000.00,0.00,NULL,NULL,NULL,1),(178,'AVAILABLE',949,'J','280513-SET-B-253','L','2013-05-08','2013-05-07','2013-05-28',20920000.00,0.00,NULL,NULL,NULL,1),(179,'AVAILABLE',954,'J','280513-SET-B-254','L','2013-05-08','2013-05-07','2013-05-28',175000.00,0.00,NULL,NULL,NULL,1),(180,'AVAILABLE',947,'J','280513-SET-B-255','L','2013-05-08','2013-05-07','2013-05-28',4620000.00,0.00,NULL,NULL,NULL,1),(181,'AVAILABLE',955,'J','280513-SET-B-256','L','2013-05-08','2013-05-07','2013-05-28',3135000.00,0.00,NULL,NULL,NULL,1),(182,'AVAILABLE',876,'J','280513-SET-B-257','L','2013-05-08','2013-05-07','2013-05-28',175000.00,175000.00,NULL,NULL,NULL,1),(183,'AVAILABLE',876,'J','280513-SET-B-258','L','2013-05-08','2013-05-07','2013-05-28',3510000.00,0.00,NULL,NULL,NULL,1),(184,'AVAILABLE',874,'J','280513-SET-B-259','L','2013-05-08','2013-05-07','2013-05-28',1665000.00,525000.00,NULL,NULL,NULL,1),(185,'AVAILABLE',868,'J','280513-SET-B-260','L','2013-05-08','2013-05-07','2013-05-28',10555000.00,0.00,NULL,NULL,NULL,1),(186,'AVAILABLE',801,'J','280513-SET-B-261','L','2013-05-08','2013-05-07','2013-05-28',11605000.00,0.00,NULL,NULL,NULL,1),(187,'AVAILABLE',360,'J','280513-SET-B-262','L','2013-05-08','2013-05-07','2013-05-28',1225000.00,0.00,NULL,NULL,NULL,1),(188,'AVAILABLE',334,'M','280513-SET-B-263','L','2013-05-08','2013-05-07','2013-05-28',350000.00,0.00,NULL,NULL,NULL,1),(189,'AVAILABLE',215,'J','280513-SET-B-264','L','2013-05-08','2013-05-07','2013-05-28',350000.00,0.00,NULL,NULL,NULL,1),(190,'AVAILABLE',206,'M','280513-SET-B-265','L','2013-05-09','2013-05-08','2013-05-28',3305000.00,0.00,NULL,NULL,NULL,1),(191,'AVAILABLE',331,'J','280513-SET-B-266','L','2013-05-09','2013-05-08','2013-05-28',350000.00,0.00,NULL,NULL,NULL,1),(192,'AVAILABLE',383,'J','280513-SET-B-267','L','2013-05-09','2013-05-08','2013-05-28',175000.00,0.00,NULL,NULL,NULL,1),(193,'AVAILABLE',374,'J','280513-SET-B-268','L','2013-05-08','2013-05-07','2013-05-28',1515000.00,0.00,NULL,NULL,NULL,1),(194,'AVAILABLE',404,'J','280513-SET-B-269','L','2013-05-08','2013-05-07','2013-05-28',3025000.00,0.00,NULL,NULL,NULL,1),(195,'AVAILABLE',404,'J','280513-SET-B-270','L','2013-05-08','2013-05-07','2013-05-28',525000.00,0.00,NULL,NULL,NULL,1),(196,'AVAILABLE',374,'J','280513-SET-B-271','L','2013-05-08','2013-05-07','2013-05-28',525000.00,0.00,NULL,NULL,NULL,1),(197,'AVAILABLE',368,'J','280513-SET-B-272','L','2013-05-08','2013-05-07','2013-05-28',1225000.00,0.00,NULL,NULL,NULL,1),(198,'AVAILABLE',383,'J','280513-SET-B-273','L','2013-05-08','2013-05-07','2013-05-28',350000.00,0.00,NULL,NULL,NULL,1),(199,'AVAILABLE',373,'J','280513-SET-B-274','L','2013-05-08','2013-05-07','2013-05-28',2690000.00,0.00,NULL,NULL,NULL,1),(200,'AVAILABLE',404,'J','280513-SET-B-275','L','2013-05-08','2013-05-07','2013-05-28',1400000.00,0.00,NULL,NULL,NULL,1),(201,'AVAILABLE',198,'J','280513-SET-B-276','L','2013-05-08','2013-05-07','2013-05-28',0.00,175000.00,NULL,NULL,NULL,1),(202,'AVAILABLE',246,'J','280513-SET-B-277','L','2013-05-08','2013-05-07','2013-05-28',175000.00,1050000.00,NULL,NULL,NULL,1),(203,'AVAILABLE',270,'J','280513-SET-B-278','L','2013-05-08','2013-05-07','2013-05-28',525000.00,175000.00,NULL,NULL,NULL,1),(204,'AVAILABLE',308,'J','280513-SET-B-279','L','2013-05-08','2013-05-07','2013-05-28',350000.00,0.00,NULL,NULL,NULL,1),(205,'AVAILABLE',265,'J','280513-SET-B-280','L','2013-05-08','2013-05-07','2013-05-28',0.00,350000.00,NULL,NULL,NULL,1),(206,'AVAILABLE',892,'J','280513-SET-B-281','L','2013-05-09','2013-05-08','2013-05-28',23200000.00,350000.00,NULL,NULL,NULL,1),(207,'AVAILABLE',950,'J','280513-SET-B-282','L','2013-05-09','2013-05-08','2013-05-28',21095000.00,0.00,NULL,NULL,NULL,1),(208,'AVAILABLE',955,'J','280513-SET-B-283','L','2013-05-09','2013-05-08','2013-05-28',350000.00,0.00,NULL,NULL,NULL,1),(209,'AVAILABLE',948,'J','280513-SET-B-284','L','2013-05-09','2013-05-08','2013-05-28',4795000.00,0.00,NULL,NULL,NULL,1),(210,'AVAILABLE',956,'J','280513-SET-B-285','L','2013-05-09','2013-05-08','2013-05-28',2785000.00,525000.00,NULL,NULL,NULL,1),(211,'AVAILABLE',877,'J','280513-SET-B-286','L','2013-05-09','2013-05-08','2013-05-28',350000.00,0.00,NULL,NULL,NULL,1),(212,'AVAILABLE',877,'J','280513-SET-B-287','L','2013-05-09','2013-05-08','2013-05-28',2635000.00,1050000.00,NULL,NULL,NULL,1),(213,'AVAILABLE',875,'J','280513-SET-B-288','L','2013-05-09','2013-05-08','2013-05-28',1840000.00,0.00,NULL,NULL,NULL,1),(214,'AVAILABLE',869,'J','280513-SET-B-289','L','2013-05-09','2013-05-08','2013-05-28',10730000.00,0.00,NULL,NULL,NULL,1),(215,'AVAILABLE',802,'J','280513-SET-B-290','L','2013-05-09','2013-05-08','2013-05-28',11780000.00,0.00,NULL,NULL,NULL,1),(216,'AVAILABLE',361,'J','280513-SET-B-291','L','2013-05-09','2013-05-08','2013-05-28',0.00,1400000.00,NULL,NULL,NULL,1),(217,'AVAILABLE',335,'J','280513-SET-B-292','L','2013-05-09','2013-05-08','2013-05-28',525000.00,0.00,NULL,NULL,NULL,1),(218,'AVAILABLE',216,'J','280513-SET-B-293','L','2013-05-09','2013-05-08','2013-05-28',175000.00,350000.00,NULL,NULL,NULL,1),(219,'AVAILABLE',207,'J','280513-SET-B-294','L','2013-05-09','2013-05-08','2013-05-28',3130000.00,350000.00,NULL,NULL,NULL,1),(220,'AVAILABLE',332,'J','280513-SET-B-295','L','2013-05-09','2013-05-08','2013-05-28',525000.00,0.00,NULL,NULL,NULL,1),(221,'AVAILABLE',384,'J','280513-SET-B-296','L','2013-05-09','2013-05-08','2013-05-28',350000.00,0.00,NULL,NULL,NULL,1),(222,'AVAILABLE',375,'J','280513-SET-B-297','L','2013-05-09','2013-05-08','2013-05-28',1690000.00,0.00,NULL,NULL,NULL,1),(223,'AVAILABLE',405,'J','280513-SET-B-298','L','2013-05-09','2013-05-08','2013-05-28',3200000.00,0.00,NULL,NULL,NULL,1),(224,'AVAILABLE',405,'J','280513-SET-B-299','L','2013-05-09','2013-05-08','2013-05-28',700000.00,0.00,NULL,NULL,NULL,1),(225,'AVAILABLE',375,'J','280513-SET-B-300','L','2013-05-09','2013-05-08','2013-05-28',700000.00,0.00,NULL,NULL,NULL,1),(226,'AVAILABLE',369,'J','280513-SET-B-301','L','2013-05-09','2013-05-08','2013-05-28',1400000.00,0.00,NULL,NULL,NULL,1),(227,'AVAILABLE',384,'J','280513-SET-B-302','L','2013-05-09','2013-05-08','2013-05-28',525000.00,0.00,NULL,NULL,NULL,1),(228,'AVAILABLE',374,'J','280513-SET-B-303','L','2013-05-09','2013-05-08','2013-05-28',2865000.00,0.00,NULL,NULL,NULL,1),(229,'AVAILABLE',405,'J','280513-SET-B-304','L','2013-05-09','2013-05-08','2013-05-28',1575000.00,0.00,NULL,NULL,NULL,1),(230,'AVAILABLE',199,'J','280513-SET-B-305','L','2013-05-09','2013-05-08','2013-05-28',175000.00,0.00,NULL,NULL,NULL,1),(231,'AVAILABLE',247,'J','280513-SET-B-306','L','2013-05-09','2013-05-08','2013-05-28',350000.00,0.00,NULL,NULL,NULL,1),(232,'AVAILABLE',271,'J','280513-SET-B-307','L','2013-05-09','2013-05-08','2013-05-28',700000.00,0.00,NULL,NULL,NULL,1),(233,'AVAILABLE',309,'J','280513-SET-B-308','L','2013-05-09','2013-05-08','2013-05-28',350000.00,175000.00,NULL,NULL,NULL,1),(234,'AVAILABLE',266,'J','280513-SET-B-309','L','2013-05-09','2013-05-08','2013-05-28',175000.00,0.00,NULL,NULL,NULL,1),(235,'AVAILABLE',893,'J','280513-SET-B-310','L','2013-05-10','2013-05-09','2013-05-28',23375000.00,0.00,NULL,NULL,NULL,1),(236,'AVAILABLE',951,'J','280513-SET-B-311','L','2013-05-10','2013-05-09','2013-05-28',21270000.00,0.00,NULL,NULL,NULL,1),(237,'AVAILABLE',956,'J','280513-SET-B-312','L','2013-05-10','2013-05-09','2013-05-28',0.00,525000.00,NULL,NULL,NULL,1),(238,'AVAILABLE',949,'J','280513-SET-B-313','L','2013-05-10','2013-05-09','2013-05-28',4970000.00,0.00,NULL,NULL,NULL,1),(239,'AVAILABLE',957,'J','280513-SET-B-314','L','2013-05-10','2013-05-09','2013-05-28',2785000.00,175000.00,NULL,NULL,NULL,1),(240,'AVAILABLE',878,'J','280513-SET-B-315','L','2013-05-10','2013-05-09','2013-05-28',525000.00,0.00,NULL,NULL,NULL,1),(241,'AVAILABLE',878,'J','280513-SET-B-316','L','2013-05-10','2013-05-09','2013-05-28',2810000.00,0.00,NULL,NULL,NULL,1),(242,'AVAILABLE',876,'J','280513-SET-B-317','L','2013-05-10','2013-05-09','2013-05-28',2015000.00,0.00,NULL,NULL,NULL,1),(243,'AVAILABLE',870,'J','280513-SET-B-318','L','2013-05-10','2013-05-09','2013-05-28',10905000.00,0.00,NULL,NULL,NULL,1),(244,'AVAILABLE',803,'J','280513-SET-B-319','L','2013-05-10','2013-05-09','2013-05-28',11955000.00,0.00,NULL,NULL,NULL,1),(245,'AVAILABLE',362,'J','280513-SET-B-320','L','2013-05-10','2013-05-09','2013-05-28',175000.00,0.00,NULL,NULL,NULL,1),(246,'AVAILABLE',336,'J','280513-SET-B-321','L','2013-05-10','2013-05-09','2013-05-28',700000.00,0.00,NULL,NULL,NULL,1),(247,'AVAILABLE',217,'J','280513-SET-B-322','L','2013-05-10','2013-05-09','2013-05-28',350000.00,0.00,NULL,NULL,NULL,1),(248,'AVAILABLE',208,'J','280513-SET-B-323','L','2013-05-10','2013-05-09','2013-05-28',3305000.00,0.00,NULL,NULL,NULL,1),(249,'AVAILABLE',333,'J','280513-SET-B-324','L','2013-05-10','2013-05-09','2013-05-28',700000.00,0.00,NULL,NULL,NULL,1),(250,'AVAILABLE',385,'J','280513-SET-B-325','L','2013-05-10','2013-05-09','2013-05-28',0.00,525000.00,NULL,NULL,NULL,1),(251,'AVAILABLE',376,'J','290513-SET-B-326','L','2013-05-10','2013-05-09','2013-05-29',290000.00,1575000.00,NULL,NULL,NULL,1),(252,'AVAILABLE',406,'J','290513-SET-B-327','L','2013-05-10','2013-05-09','2013-05-29',3375000.00,0.00,NULL,NULL,NULL,1),(253,'AVAILABLE',406,'J','290513-SET-B-328','L','2013-05-10','2013-05-09','2013-05-29',875000.00,0.00,NULL,NULL,NULL,1),(254,'AVAILABLE',376,'J','290513-SET-B-329','L','2013-05-10','2013-05-09','2013-05-29',875000.00,0.00,NULL,NULL,NULL,1),(255,'AVAILABLE',370,'J','290513-SET-B-330','L','2013-05-10','2013-05-09','2013-05-29',1575000.00,0.00,NULL,NULL,NULL,1),(256,'AVAILABLE',385,'J','290513-SET-B-331','L','2013-05-10','2013-05-09','2013-05-29',700000.00,0.00,NULL,NULL,NULL,1),(257,'AVAILABLE',375,'J','290513-SET-B-332','L','2013-05-10','2013-05-09','2013-05-29',2340000.00,700000.00,NULL,NULL,NULL,1),(258,'AVAILABLE',406,'J','290513-SET-B-333','L','2013-05-10','2013-05-09','2013-05-29',1750000.00,0.00,NULL,NULL,NULL,1),(259,'AVAILABLE',200,'J','290513-SET-B-334','L','2013-05-10','2013-05-09','2013-05-29',170000.00,180000.00,NULL,NULL,NULL,1),(260,'AVAILABLE',248,'J','290513-SET-B-335','L','2013-05-10','2013-05-09','2013-05-29',525000.00,0.00,NULL,NULL,NULL,1),(261,'AVAILABLE',272,'J','290513-SET-B-336','L','2013-05-10','2013-05-09','2013-05-29',875000.00,0.00,NULL,NULL,NULL,1),(262,'AVAILABLE',310,'J','290513-SET-B-337','L','2013-05-10','2013-05-09','2013-05-29',350000.00,175000.00,NULL,NULL,NULL,1),(263,'AVAILABLE',267,'J','290513-SET-B-338','L','2013-05-10','2013-05-09','2013-05-29',350000.00,0.00,NULL,NULL,NULL,1),(264,'AVAILABLE',894,'J','290513-SET-B-339','L','2013-05-11','2013-05-10','2013-05-29',23550000.00,0.00,NULL,NULL,NULL,1),(265,'AVAILABLE',952,'J','290513-SET-B-340','L','2013-05-11','2013-05-10','2013-05-29',21445000.00,0.00,NULL,NULL,NULL,1),(266,'AVAILABLE',957,'J','290513-SET-B-341','L','2013-05-11','2013-05-10','2013-05-29',175000.00,0.00,NULL,NULL,NULL,1),(267,'AVAILABLE',950,'J','290513-SET-B-342','L','2013-05-11','2013-05-10','2013-05-29',5145000.00,0.00,NULL,NULL,NULL,1),(268,'AVAILABLE',958,'J','290513-SET-B-343','L','2013-05-11','2013-05-10','2013-05-29',2785000.00,175000.00,NULL,NULL,NULL,1),(269,'AVAILABLE',879,'J','290513-SET-B-344','L','2013-05-11','2013-05-10','2013-05-29',700000.00,0.00,NULL,NULL,NULL,1),(270,'AVAILABLE',879,'J','290513-SET-B-345','L','2013-05-11','2013-05-10','2013-05-29',2985000.00,0.00,NULL,NULL,NULL,1),(271,'AVAILABLE',877,'J','290513-SET-B-346','L','2013-05-11','2013-05-10','2013-05-29',1490000.00,700000.00,NULL,NULL,NULL,1),(272,'AVAILABLE',871,'J','290513-SET-B-347','L','2013-05-11','2013-05-10','2013-05-29',11080000.00,0.00,NULL,NULL,NULL,1),(273,'AVAILABLE',804,'J','290513-SET-B-348','L','2013-05-11','2013-05-10','2013-05-29',12130000.00,0.00,NULL,NULL,NULL,1),(274,'AVAILABLE',363,'J','290513-SET-B-349','L','2013-05-11','2013-05-10','2013-05-29',350000.00,0.00,NULL,NULL,NULL,1),(275,'AVAILABLE',337,'J','290513-SET-B-350','L','2013-05-11','2013-05-10','2013-05-29',0.00,875000.00,NULL,NULL,NULL,1),(276,'AVAILABLE',218,'J','290513-SET-B-351','L','2013-05-11','2013-05-10','2013-05-29',525000.00,0.00,NULL,NULL,NULL,1),(277,'AVAILABLE',209,'J','290513-SET-B-352','L','2013-05-11','2013-05-10','2013-05-29',3480000.00,0.00,NULL,NULL,NULL,1),(278,'AVAILABLE',334,'J','290513-SET-B-353','L','2013-05-11','2013-05-10','2013-05-29',875000.00,0.00,NULL,NULL,NULL,1),(279,'AVAILABLE',386,'J','290513-SET-B-354','L','2013-05-11','2013-05-10','2013-05-29',175000.00,0.00,NULL,NULL,NULL,1),(280,'AVAILABLE',377,'J','290513-SET-B-355','L','2013-05-11','2013-05-10','2013-05-29',465000.00,0.00,NULL,NULL,NULL,1),(281,'AVAILABLE',407,'J','290513-SET-B-356','L','2013-05-11','2013-05-10','2013-05-29',3550000.00,0.00,NULL,NULL,NULL,1),(282,'AVAILABLE',407,'J','290513-SET-B-357','L','2013-05-11','2013-05-10','2013-05-29',350000.00,700000.00,NULL,NULL,NULL,1),(283,'AVAILABLE',377,'J','290513-SET-B-358','L','2013-05-11','2013-05-10','2013-05-29',1050000.00,0.00,NULL,NULL,NULL,1),(284,'AVAILABLE',371,'J','290513-SET-B-359','L','2013-05-11','2013-05-10','2013-05-29',1750000.00,0.00,NULL,NULL,NULL,1),(285,'AVAILABLE',386,'J','290513-SET-B-360','L','2013-05-11','2013-05-10','2013-05-29',75000.00,800000.00,NULL,NULL,NULL,1),(286,'AVAILABLE',376,'J','290513-SET-B-361','L','2013-05-11','2013-05-10','2013-05-29',2515000.00,0.00,NULL,NULL,NULL,1),(287,'AVAILABLE',407,'J','290513-SET-B-362','L','2013-05-11','2013-05-10','2013-05-29',0.00,1750000.00,NULL,NULL,NULL,1),(288,'AVAILABLE',201,'J','290513-SET-B-363','L','2013-05-11','2013-05-10','2013-05-29',345000.00,0.00,NULL,NULL,NULL,1),(289,'AVAILABLE',249,'J','290513-SET-B-364','L','2013-05-11','2013-05-10','2013-05-29',700000.00,0.00,NULL,NULL,NULL,1),(290,'AVAILABLE',273,'J','290513-SET-B-365','L','2013-05-11','2013-05-10','2013-05-29',1050000.00,0.00,NULL,NULL,NULL,1),(291,'AVAILABLE',311,'J','290513-SET-B-366','L','2013-05-11','2013-05-10','2013-05-29',525000.00,0.00,NULL,NULL,NULL,1),(292,'AVAILABLE',268,'J','290513-SET-B-367','L','2013-05-11','2013-05-10','2013-05-29',525000.00,0.00,NULL,NULL,NULL,1),(293,'AVAILABLE',895,'J','290513-SET-B-368','L','2013-05-12','2013-05-11','2013-05-29',23725000.00,0.00,NULL,NULL,NULL,1),(294,'AVAILABLE',953,'J','290513-SET-B-369','L','2013-05-12','2013-05-11','2013-05-29',21620000.00,0.00,NULL,NULL,NULL,1),(295,'AVAILABLE',958,'J','290513-SET-B-370',NULL,'2013-05-12','2013-05-11','2013-05-29',0.00,350000.00,NULL,NULL,NULL,1),(296,'AVAILABLE',951,'J','290513-SET-B-371','L','2013-05-12','2013-05-11','2013-05-29',5320000.00,0.00,NULL,NULL,NULL,1),(297,'AVAILABLE',959,'M','290513-SET-B-372','L','2013-05-12','2013-05-11','2013-05-29',2960000.00,0.00,NULL,NULL,NULL,1),(298,'AVAILABLE',880,'J','290513-SET-B-373','L','2013-05-12','2013-05-11','2013-05-29',875000.00,0.00,NULL,NULL,NULL,1),(299,'AVAILABLE',880,'J','290513-SET-B-374','L','2013-05-12','2013-05-11','2013-05-29',3160000.00,0.00,NULL,NULL,NULL,1),(300,'AVAILABLE',878,'J','290513-SET-B-375','L','2013-05-12','2013-05-11','2013-05-29',1665000.00,0.00,NULL,NULL,NULL,1),(301,'AVAILABLE',872,'J','290513-SET-B-376','L','2013-05-12','2013-05-11','2013-05-29',11255000.00,0.00,NULL,NULL,NULL,1),(302,'AVAILABLE',805,'J','290513-SET-B-377','L','2013-05-12','2013-05-11','2013-05-29',12305000.00,0.00,NULL,NULL,NULL,1),(303,'AVAILABLE',364,'J','290513-SET-B-378','L','2013-05-12','2013-05-11','2013-05-29',525000.00,0.00,NULL,NULL,NULL,1),(304,'AVAILABLE',338,'J','290513-SET-B-379','L','2013-05-12','2013-05-11','2013-05-29',175000.00,0.00,NULL,NULL,NULL,1),(305,'AVAILABLE',219,'J','290513-SET-B-380','L','2013-05-12','2013-05-11','2013-05-29',525000.00,525000.00,NULL,NULL,NULL,1),(306,'AVAILABLE',210,'J','290513-SET-B-381','L','2013-05-12','2013-05-11','2013-05-29',3130000.00,350000.00,NULL,NULL,NULL,1),(307,'AVAILABLE',335,'J','290513-SET-B-382','L','2013-05-12','2013-05-11','2013-05-29',1050000.00,0.00,NULL,NULL,NULL,1),(308,'AVAILABLE',387,'J','290513-SET-B-383','L','2013-05-12','2013-05-11','2013-05-29',350000.00,0.00,NULL,NULL,NULL,1),(309,'AVAILABLE',378,'J','290513-SET-B-384','L','2013-05-12','2013-05-11','2013-05-29',640000.00,0.00,NULL,NULL,NULL,1),(310,'AVAILABLE',408,'J','290513-SET-B-385','L','2013-05-12','2013-05-11','2013-05-29',3725000.00,0.00,NULL,NULL,NULL,1),(311,'AVAILABLE',408,'J','290513-SET-B-386','L','2013-05-12','2013-05-11','2013-05-29',525000.00,0.00,NULL,NULL,NULL,1),(312,'AVAILABLE',378,'J','290513-SET-B-387','L','2013-05-12','2013-05-11','2013-05-29',1225000.00,0.00,NULL,NULL,NULL,1),(313,'AVAILABLE',372,'J','290513-SET-B-388','L','2013-05-12','2013-05-11','2013-05-29',1750000.00,1750000.00,NULL,NULL,NULL,1),(314,'AVAILABLE',387,'J','290513-SET-B-389','L','2013-05-12','2013-05-11','2013-05-29',250000.00,0.00,NULL,NULL,NULL,1),(315,'AVAILABLE',377,'J','290513-SET-B-390','L','2013-05-12','2013-05-11','2013-05-29',2690000.00,0.00,NULL,NULL,NULL,1),(316,'AVAILABLE',408,'J','290513-SET-B-391','L','2013-05-12','2013-05-11','2013-05-29',350000.00,0.00,NULL,NULL,NULL,1),(317,'AVAILABLE',202,'J','290513-SET-B-392','L','2013-05-12','2013-05-11','2013-05-29',130000.00,390000.00,NULL,NULL,NULL,1),(318,'AVAILABLE',250,'J','290513-SET-B-393','L','2013-05-12','2013-05-11','2013-05-29',875000.00,0.00,NULL,NULL,NULL,1),(319,'AVAILABLE',274,'J','290513-SET-B-394','L','2013-05-12','2013-05-11','2013-05-29',700000.00,350000.00,NULL,NULL,NULL,1),(320,'AVAILABLE',312,'J','290513-SET-B-395','L','2013-05-12','2013-05-11','2013-05-29',175000.00,350000.00,NULL,NULL,NULL,1),(321,'AVAILABLE',269,'J','290513-SET-B-396','L','2013-05-12','2013-05-11','2013-05-29',525000.00,525000.00,NULL,NULL,NULL,1),(322,'AVAILABLE',896,'J','290513-SET-B-397','L','2013-05-13','2013-05-12','2013-05-29',23900000.00,0.00,NULL,NULL,NULL,1),(323,'AVAILABLE',954,'J','290513-SET-B-398','L','2013-05-13','2013-05-12','2013-05-29',20720000.00,900000.00,NULL,NULL,NULL,1),(324,'AVAILABLE',959,'J','290513-SET-B-399','L','2013-05-13','2013-05-12','2013-05-29',175000.00,0.00,NULL,NULL,NULL,1),(325,'AVAILABLE',952,'J','290513-SET-B-400','L','2013-05-13','2013-05-12','2013-05-29',5495000.00,0.00,NULL,NULL,NULL,1),(326,'AVAILABLE',960,'J','290513-SET-B-401','L','2013-05-13','2013-05-12','2013-05-29',2785000.00,175000.00,NULL,NULL,NULL,1),(327,'AVAILABLE',881,'J','290513-SET-B-402','L','2013-05-13','2013-05-12','2013-05-29',525000.00,350000.00,NULL,NULL,NULL,1),(328,'AVAILABLE',881,'J','290513-SET-B-403','L','2013-05-13','2013-05-12','2013-05-29',3335000.00,0.00,NULL,NULL,NULL,1),(329,'AVAILABLE',879,'J','290513-SET-B-404','L','2013-05-13','2013-05-12','2013-05-29',1140000.00,525000.00,NULL,NULL,NULL,1),(330,'AVAILABLE',873,'J','290513-SET-B-405','L','2013-05-13','2013-05-12','2013-05-29',11430000.00,0.00,NULL,NULL,NULL,1),(331,'AVAILABLE',806,'J','290513-SET-B-406','L','2013-05-13','2013-05-12','2013-05-29',12480000.00,0.00,NULL,NULL,NULL,1),(332,'AVAILABLE',365,'J','290513-SET-B-407','L','2013-05-13','2013-05-12','2013-05-29',700000.00,0.00,NULL,NULL,NULL,1),(333,'AVAILABLE',339,'J','290513-SET-B-408','L','2013-05-13','2013-05-12','2013-05-29',350000.00,0.00,NULL,NULL,NULL,1),(334,'AVAILABLE',220,'J','290513-SET-B-409','L','2013-05-13','2013-05-12','2013-05-29',350000.00,0.00,NULL,NULL,NULL,1),(335,'AVAILABLE',211,'J','290513-SET-B-410','L','2013-05-13','2013-05-12','2013-05-29',3480000.00,0.00,NULL,NULL,NULL,1),(336,'AVAILABLE',336,'J','290513-SET-B-411','L','2013-05-13','2013-05-12','2013-05-29',1225000.00,0.00,NULL,NULL,NULL,1),(337,'AVAILABLE',388,'J','290513-SET-B-412','L','2013-05-13','2013-05-12','2013-05-29',0.00,525000.00,NULL,NULL,NULL,1),(338,'AVAILABLE',379,'J','290513-SET-B-413','L','2013-05-13','2013-05-12','2013-05-29',815000.00,0.00,NULL,NULL,NULL,1),(339,'AVAILABLE',409,'J','290513-SET-B-414','L','2013-05-13','2013-05-12','2013-05-29',2675000.00,1050000.00,NULL,NULL,NULL,1),(340,'AVAILABLE',409,'J','290513-SET-B-415','L','2013-05-13','2013-05-12','2013-05-29',700000.00,0.00,NULL,NULL,NULL,1),(341,'AVAILABLE',380,'J','290513-SET-B-416','L','2013-05-13','2013-05-12','2013-05-29',990000.00,0.00,NULL,NULL,NULL,1),(342,'AVAILABLE',410,'J','290513-SET-B-417','L','2013-05-13','2013-05-12','2013-05-29',1800000.00,1050000.00,NULL,NULL,NULL,1),(343,'AVAILABLE',410,'J','290513-SET-B-418','L','2013-05-13','2013-05-29','2013-05-29',875000.00,0.00,NULL,NULL,NULL,1),(344,'AVAILABLE',379,'J','290513-SET-B-419','L','2013-05-13','2013-05-12','2013-05-29',0.00,1400000.00,NULL,NULL,NULL,1),(345,'AVAILABLE',373,'J','290513-SET-B-420','L','2013-05-13','2013-05-12','2013-05-29',350000.00,0.00,NULL,NULL,NULL,1),(346,'AVAILABLE',388,'J','290513-SET-B-421','L','2013-05-13','2013-05-12','2013-05-29',425000.00,0.00,NULL,NULL,NULL,1),(347,'AVAILABLE',378,'J','290513-SET-B-422','L','2013-05-13','2013-05-12','2013-05-29',2165000.00,525000.00,NULL,NULL,NULL,1),(348,'AVAILABLE',409,'J','290513-SET-B-423','L','2013-05-13','2013-05-12','2013-05-29',525000.00,0.00,NULL,NULL,NULL,1),(349,'AVAILABLE',203,'J','290513-SET-B-424','L','2013-05-13','2013-05-12','2013-05-29',70000.00,200000.00,NULL,NULL,NULL,1),(350,'AVAILABLE',251,'J','290513-SET-B-425','L','2013-05-13','2013-05-12','2013-05-29',1050000.00,0.00,NULL,NULL,NULL,1),(351,'AVAILABLE',275,'J','290513-SET-B-426','L','2013-05-13','2013-05-12','2013-05-29',1050000.00,0.00,NULL,NULL,NULL,1),(352,'AVAILABLE',313,'J','290513-SET-B-427','L','2013-05-13','2013-05-12','2013-05-29',525000.00,0.00,NULL,NULL,NULL,1),(353,'AVAILABLE',270,'J','290513-SET-B-428','L','2013-05-13','2013-05-12','2013-05-29',0.00,350000.00,NULL,NULL,NULL,1),(354,'AVAILABLE',897,'J','290513-SET-B-429','L','2013-05-14','2013-05-13','2013-05-29',24075000.00,0.00,NULL,NULL,NULL,1),(355,'AVAILABLE',955,'J','300513-SET-B-361','L','2013-05-14','2013-05-13','2013-05-30',21070000.00,0.00,NULL,NULL,NULL,1),(356,'AVAILABLE',960,'J','300513-SET-B-362','L','2013-05-14','2013-05-13','2013-05-30',350000.00,0.00,NULL,NULL,NULL,1),(357,'AVAILABLE',953,'J','300513-SET-B-363','L','2013-05-14','2013-05-13','2013-05-30',5670000.00,0.00,NULL,NULL,NULL,1),(358,'AVAILABLE',961,'J','300513-SET-B-364','L','2013-05-14','2013-05-13','2013-05-30',2960000.00,175000.00,NULL,NULL,NULL,1),(359,'AVAILABLE',882,'J','300513-SET-B-365','L','2013-05-14','2013-05-13','2013-05-30',700000.00,175000.00,NULL,NULL,NULL,1),(360,'AVAILABLE',882,'J','300513-SET-B-366','L','2013-05-14','2013-05-13','2013-05-30',3510000.00,0.00,NULL,NULL,NULL,1),(361,'AVAILABLE',880,'J','300513-SET-B-367','L','2013-05-14','2013-05-13','2013-05-30',1490000.00,0.00,NULL,NULL,NULL,1),(362,'AVAILABLE',874,'J','300513-SET-B-368','L','2013-05-14','2013-05-13','2013-05-30',11605000.00,0.00,NULL,NULL,NULL,1),(363,'AVAILABLE',807,'J','300513-SET-B-369','L','2013-05-14','2013-05-13','2013-05-30',12655000.00,0.00,NULL,NULL,NULL,1),(364,'AVAILABLE',366,'J','300513-SET-B-370','L','2013-05-14','2013-05-13','2013-05-30',875000.00,0.00,NULL,NULL,NULL,1),(365,'AVAILABLE',340,'J','300513-SET-B-371','L','2013-05-14','2013-05-13','2013-05-30',0.00,525000.00,NULL,NULL,NULL,1),(366,'AVAILABLE',221,'J','300513-SET-B-372','L','2013-05-14','2013-05-13','2013-05-30',525000.00,0.00,NULL,NULL,NULL,1),(367,'AVAILABLE',212,'J','300513-SET-B-373','L','2013-05-14','2013-05-13','2013-05-30',3655000.00,0.00,NULL,NULL,NULL,1),(368,'AVAILABLE',337,'J','300513-SET-B-374','L','2013-05-14','2013-05-13','2013-05-30',175000.00,1225000.00,NULL,NULL,NULL,1),(369,'AVAILABLE',389,'J','300513-SET-B-375','L','2013-05-14','2013-05-13','2013-05-30',175000.00,0.00,NULL,NULL,NULL,1),(370,'AVAILABLE',381,'J','300513-SET-B-376','L','2013-05-14','2013-05-13','2013-05-30',1165000.00,0.00,NULL,NULL,NULL,1),(371,'AVAILABLE',411,'J','300513-SET-B-377','L','2013-05-14','2013-05-13','2013-05-30',2150000.00,0.00,NULL,NULL,NULL,1),(372,'AVAILABLE',411,'J','300513-SET-B-378','L','2013-05-14','2013-05-13','2013-05-30',1050000.00,0.00,NULL,NULL,NULL,1),(373,'AVAILABLE',380,'J','300513-SET-B-379','L','2013-05-14','2013-05-13','2013-05-30',175000.00,0.00,NULL,NULL,NULL,1),(374,'AVAILABLE',374,'J','300513-SET-B-380','L','2013-05-14','2013-05-13','2013-05-30',525000.00,0.00,NULL,NULL,NULL,1),(375,'AVAILABLE',389,'J','300513-SET-B-381','L','2013-05-14','2013-05-13','2013-05-30',600000.00,0.00,NULL,NULL,NULL,1),(376,'AVAILABLE',379,'J','300513-SET-B-382','L','2013-05-14','2013-05-13','2013-05-30',2515000.00,0.00,NULL,NULL,NULL,1),(377,'AVAILABLE',410,'J','300513-SET-B-383','L','2013-05-14','2013-05-13','2013-05-30',700000.00,0.00,NULL,NULL,NULL,1),(378,'AVAILABLE',204,'J','300513-SET-B-384','L','2013-05-14','2013-05-13','2013-05-30',80000.00,200000.00,NULL,NULL,NULL,1),(379,'AVAILABLE',252,'J','300513-SET-B-385','L','2013-05-14','2013-05-13','2013-05-30',1225000.00,0.00,NULL,NULL,NULL,1),(380,'AVAILABLE',276,'J','300513-SET-B-386','L','2013-05-14','2013-05-13','2013-05-30',1225000.00,0.00,NULL,NULL,NULL,1),(381,'AVAILABLE',314,'J','300513-SET-B-387','L','2013-05-14','2013-05-13','2013-05-30',700000.00,0.00,NULL,NULL,NULL,1),(382,'AVAILABLE',271,'J','300513-SET-B-388','L','2013-05-14','2013-05-30','2013-05-30',175000.00,0.00,NULL,NULL,NULL,1),(383,'AVAILABLE',898,'J','300513-SET-B-389','L','2013-05-15','2013-05-14','2013-05-30',23375000.00,875000.00,NULL,NULL,NULL,1),(384,'AVAILABLE',956,'J','300513-SET-B-390','L','2013-05-15','2013-05-14','2013-05-30',21245000.00,0.00,NULL,NULL,NULL,1),(385,'AVAILABLE',961,'J','300513-SET-B-391','L','2013-05-15','2013-05-14','2013-05-30',175000.00,350000.00,NULL,NULL,NULL,1),(386,'AVAILABLE',954,'J','300513-SET-B-392','L','2013-05-15','2013-05-14','2013-05-30',5845000.00,0.00,NULL,NULL,NULL,1),(387,'AVAILABLE',962,'J','300513-SET-B-393','L','2013-05-15','2013-05-14','2013-05-30',2785000.00,350000.00,NULL,NULL,NULL,1),(388,'AVAILABLE',883,'J','300513-SET-B-394','L','2013-05-15','2013-05-14','2013-05-30',700000.00,175000.00,NULL,NULL,NULL,1),(389,'AVAILABLE',883,'J','300513-SET-B-395','L','2013-05-15','2013-05-14','2013-05-30',3685000.00,0.00,NULL,NULL,NULL,1),(390,'AVAILABLE',881,'J','300513-SET-B-396','L','2013-05-15','2013-05-14','2013-05-30',1665000.00,0.00,NULL,NULL,NULL,1),(391,'AVAILABLE',875,'J','300513-SET-B-397','L','2013-05-15','2013-05-14','2013-05-30',11780000.00,0.00,NULL,NULL,NULL,1),(392,'AVAILABLE',808,'J','300513-SET-B-398','L','2013-05-15','2013-05-14','2013-05-30',12830000.00,0.00,NULL,NULL,NULL,1),(393,'AVAILABLE',367,'J','300513-SET-B-399','L','2013-05-15','2013-05-14','2013-05-30',0.00,1050000.00,NULL,NULL,NULL,1),(394,'AVAILABLE',341,'J','300513-SET-B-400','L','2013-05-15','2013-05-14','2013-05-30',175000.00,0.00,NULL,NULL,NULL,1),(395,'AVAILABLE',222,'J','300513-SET-B-401','L','2013-05-15','2013-05-14','2013-05-30',175000.00,525000.00,NULL,NULL,NULL,1),(396,'AVAILABLE',213,'J','300513-SET-B-402','L','2013-05-15','2013-05-14','2013-05-30',3830000.00,0.00,NULL,NULL,NULL,1),(397,'AVAILABLE',338,'J','300513-SET-B-403','L','2013-05-15','2013-05-14','2013-05-30',350000.00,0.00,NULL,NULL,NULL,1),(398,'AVAILABLE',390,'J','300513-SET-B-404','L','2013-05-15','2013-05-14','2013-05-30',350000.00,0.00,NULL,NULL,NULL,1),(399,'AVAILABLE',382,'J','300513-SET-B-405','L','2013-05-15','2013-05-14','2013-05-30',1340000.00,0.00,NULL,NULL,NULL,1),(400,'AVAILABLE',412,'J','300513-SET-B-406','L','2013-05-15','2013-05-14','2013-05-30',2325000.00,0.00,NULL,NULL,NULL,1),(401,'AVAILABLE',412,'J','300513-SET-B-407','L','2013-05-15','2013-05-14','2013-05-30',525000.00,700000.00,NULL,NULL,NULL,1),(402,'AVAILABLE',381,'J','300513-SET-B-408','L','2013-05-15','2013-05-14','2013-05-30',350000.00,0.00,NULL,NULL,NULL,1),(403,'AVAILABLE',375,'J','300513-SET-B-409','L','2013-05-15','2013-05-14','2013-05-30',700000.00,0.00,NULL,NULL,NULL,1),(404,'AVAILABLE',390,'J','300513-SET-B-410','L','2013-05-16','2013-05-30','2013-05-30',25000.00,800000.00,NULL,NULL,NULL,1),(405,'AVAILABLE',380,'J','300513-SET-B-411','L','2013-05-15','2013-05-14','2013-05-30',2690000.00,0.00,NULL,NULL,NULL,1),(406,'AVAILABLE',411,'J','300513-SET-B-412','L','2013-05-15','2013-05-14','2013-05-30',875000.00,0.00,NULL,NULL,NULL,1),(407,'AVAILABLE',205,'J','300513-SET-B-413','L','2013-05-15','2013-05-14','2013-05-30',255000.00,0.00,NULL,NULL,NULL,1),(408,'AVAILABLE',253,'J','300513-SET-B-414','L','2013-05-15','2013-05-14','2013-05-30',1400000.00,0.00,NULL,NULL,NULL,1),(409,'AVAILABLE',277,'J','300513-SET-B-415','L','2013-05-15','2013-05-14','2013-05-30',1225000.00,175000.00,NULL,NULL,NULL,1),(410,'AVAILABLE',315,'J','300513-SET-B-416','L','2013-05-15','2013-05-14','2013-05-30',875000.00,0.00,NULL,NULL,NULL,1),(411,'AVAILABLE',272,'J','300513-SET-B-417','L','2013-05-15','2013-05-14','2013-05-30',350000.00,0.00,NULL,NULL,NULL,1),(412,'AVAILABLE',899,'J','300513-SET-B-418','L','2013-05-16','2013-05-15','2013-05-30',23550000.00,0.00,NULL,NULL,NULL,1),(413,'AVAILABLE',957,'J','300513-SET-B-419','L','2013-05-16','2013-05-15','2013-05-30',21420000.00,0.00,NULL,NULL,NULL,1),(414,'AVAILABLE',962,'J','300513-SET-B-420','L','2013-05-16','2013-05-15','2013-05-30',350000.00,0.00,NULL,NULL,NULL,1),(415,'AVAILABLE',955,'J','300513-SET-B-421','L','2013-05-16','2013-05-15','2013-05-30',6020000.00,0.00,NULL,NULL,NULL,1),(416,'AVAILABLE',963,'J','300513-SET-B-422','L','2013-05-16','2013-05-15','2013-05-30',2785000.00,175000.00,NULL,NULL,NULL,1),(417,'AVAILABLE',884,'J','300513-SET-B-423','L','2013-05-16','2013-05-15','2013-05-30',700000.00,175000.00,NULL,NULL,NULL,1),(418,'AVAILABLE',884,'J','300513-SET-B-424','L','2013-05-16','2013-05-15','2013-05-30',3860000.00,0.00,NULL,NULL,NULL,1),(419,'AVAILABLE',882,'J','300513-SET-B-425','L','2013-05-16','2013-05-15','2013-05-30',1840000.00,0.00,NULL,NULL,NULL,1),(420,'AVAILABLE',876,'J','300513-SET-B-426','L','2013-05-16','2013-05-15','2013-05-30',11955000.00,0.00,NULL,NULL,NULL,1),(421,'AVAILABLE',809,'J','300513-SET-B-427','L','2013-05-16','2013-05-15','2013-05-30',13005000.00,0.00,NULL,NULL,NULL,1),(422,'AVAILABLE',368,'J','300513-SET-B-428','L','2013-05-16','2013-05-15','2013-05-30',175000.00,0.00,NULL,NULL,NULL,1),(423,'AVAILABLE',342,'J','300513-SET-B-429','L','2013-05-16','2013-05-15','2013-05-30',350000.00,0.00,NULL,NULL,NULL,1),(424,'AVAILABLE',223,'J','300513-SET-B-430','L','2013-05-16','2013-05-15','2013-05-30',350000.00,0.00,NULL,NULL,NULL,1),(425,'AVAILABLE',214,'J','300513-SET-B-431','L','2013-05-16','2013-05-15','2013-05-30',4005000.00,0.00,NULL,NULL,NULL,1),(426,'AVAILABLE',339,'J','300513-SET-B-432','L','2013-05-16','2013-05-15','2013-05-30',525000.00,0.00,NULL,NULL,NULL,1),(427,'AVAILABLE',391,'J','300513-SET-B-433',NULL,'2013-05-16','2013-05-15','2013-05-30',0.00,525000.00,NULL,NULL,NULL,1),(428,'AVAILABLE',383,'J','300513-SET-B-434','L','2013-05-16','2013-05-15','2013-05-30',1515000.00,0.00,NULL,NULL,NULL,1),(429,'AVAILABLE',413,'J','300513-SET-B-435','L','2013-05-16','2013-05-15','2013-05-30',2500000.00,0.00,NULL,NULL,NULL,1),(430,'AVAILABLE',413,'J','300513-SET-B-436','L','2013-05-16','2013-05-15','2013-05-30',700000.00,0.00,NULL,NULL,NULL,1),(431,'AVAILABLE',382,'J','300513-SET-B-437','L','2013-05-16','2013-05-15','2013-05-30',525000.00,0.00,NULL,NULL,NULL,1),(432,'AVAILABLE',376,'J','300513-SET-B-438','L','2013-05-16','2013-05-15','2013-05-30',875000.00,0.00,NULL,NULL,NULL,1),(433,'AVAILABLE',391,'J','300513-SET-B-439','L','2013-05-16','2013-05-15','2013-05-30',175000.00,0.00,NULL,NULL,NULL,1),(434,'AVAILABLE',381,'J','300513-SET-B-440','L','2013-05-16','2013-05-15','2013-05-30',2340000.00,525000.00,NULL,NULL,NULL,1),(435,'AVAILABLE',412,'J','300513-SET-B-441','L','2013-05-16','2013-05-15','2013-05-30',1050000.00,0.00,NULL,NULL,NULL,1),(436,'AVAILABLE',206,'J','300513-SET-B-442','L','2013-05-16','2013-05-15','2013-05-30',0.00,430000.00,NULL,NULL,NULL,1),(437,'AVAILABLE',254,'J','300513-SET-B-443','L','2013-05-16','2013-05-15','2013-05-30',1575000.00,0.00,NULL,NULL,NULL,1),(438,'AVAILABLE',278,'J','300513-SET-B-444','L','2013-05-16','2013-05-15','2013-05-30',1400000.00,0.00,NULL,NULL,NULL,1),(439,'AVAILABLE',316,'J','300513-SET-B-445','L','2013-05-16','2013-05-15','2013-05-30',525000.00,525000.00,NULL,NULL,NULL,1),(440,'AVAILABLE',273,'J','300513-SET-B-446','L','2013-05-16','2013-05-15','2013-05-30',175000.00,350000.00,NULL,NULL,NULL,1),(441,'AVAILABLE',900,'J','300513-SET-B-447','L','2013-05-17','2013-05-16','2013-05-30',23375000.00,350000.00,NULL,NULL,NULL,1),(442,'AVAILABLE',958,'J','300513-SET-B-448','L','2013-05-17','2013-05-16','2013-05-30',21595000.00,0.00,NULL,NULL,NULL,1),(443,'AVAILABLE',963,'J','300513-SET-B-449','L','2013-05-17','2013-05-16','2013-05-30',525000.00,0.00,NULL,NULL,NULL,1),(444,'AVAILABLE',956,'J','300513-SET-B-450','L','2013-05-17','2013-05-16','2013-05-30',6195000.00,0.00,NULL,NULL,NULL,1),(445,'AVAILABLE',964,'J','300513-SET-B-451','L','2013-05-17','2013-05-16','2013-05-30',2960000.00,0.00,NULL,NULL,NULL,1),(446,'AVAILABLE',885,'J','300513-SET-B-452','L','2013-05-17','2013-05-16','2013-05-30',700000.00,175000.00,NULL,NULL,NULL,1),(447,'AVAILABLE',885,'J','300513-SET-B-453','L','2013-05-17','2013-05-16','2013-05-30',4035000.00,0.00,NULL,NULL,NULL,1),(448,'AVAILABLE',883,'J','300513-SET-B-454','L','2013-05-17','2013-05-16','2013-05-30',2015000.00,0.00,NULL,NULL,NULL,1),(449,'AVAILABLE',877,'J','300513-SET-B-455','L','2013-05-17','2013-05-16','2013-05-30',12130000.00,0.00,NULL,NULL,NULL,1),(450,'AVAILABLE',810,'J','300513-SET-B-456','L','2013-05-17','2013-05-16','2013-05-30',13180000.00,0.00,NULL,NULL,NULL,1),(451,'AVAILABLE',369,'J','300513-SET-B-457','L','2013-05-17','2013-05-16','2013-05-30',350000.00,0.00,NULL,NULL,NULL,1),(452,'AVAILABLE',343,'J','300513-SET-B-458','L','2013-05-17','2013-05-16','2013-05-30',525000.00,0.00,NULL,NULL,NULL,1),(453,'AVAILABLE',224,'J','300513-SET-B-459','L','2013-05-17','2013-05-16','2013-05-30',350000.00,175000.00,NULL,NULL,NULL,1),(454,'AVAILABLE',215,'J','300513-SET-B-460','L','2013-05-17','2013-05-16','2013-05-30',4180000.00,0.00,NULL,NULL,NULL,1),(455,'AVAILABLE',340,'J','300513-SET-B-461','L','2013-05-17','2013-05-16','2013-05-30',700000.00,0.00,NULL,NULL,NULL,1),(456,'AVAILABLE',392,'J','300513-SET-B-462','L','2013-05-17','2013-05-16','2013-05-30',175000.00,0.00,NULL,NULL,NULL,1),(457,'AVAILABLE',384,'J','300513-SET-B-463','L','2013-05-17','2013-05-16','2013-05-30',1690000.00,0.00,NULL,NULL,NULL,1),(458,'AVAILABLE',414,'J','300513-SET-B-464','L','2013-05-17','2013-05-16','2013-05-30',2675000.00,0.00,NULL,NULL,NULL,1),(459,'AVAILABLE',414,'J','300513-SET-B-465','L','2013-05-17','2013-05-16','2013-05-30',525000.00,350000.00,NULL,NULL,NULL,1),(460,'AVAILABLE',383,'J','300513-SET-B-466','L','2013-05-17','2013-05-16','2013-05-30',700000.00,0.00,NULL,NULL,NULL,1),(461,'AVAILABLE',377,'J','300513-SET-B-467','L','2013-05-17','2013-05-16','2013-05-30',1050000.00,0.00,NULL,NULL,NULL,1),(462,'AVAILABLE',392,'J','300513-SET-B-468','L','2013-05-17','2013-05-16','2013-05-30',325000.00,0.00,NULL,NULL,NULL,1),(463,'AVAILABLE',382,'J','300513-SET-B-469','L','2013-05-17','2013-05-16','2013-05-30',2515000.00,0.00,NULL,NULL,NULL,1),(464,'AVAILABLE',413,'J','300513-SET-B-470','L','2013-05-17','2013-05-16','2013-05-30',1225000.00,0.00,NULL,NULL,NULL,1),(465,'AVAILABLE',207,'J','300513-SET-B-471','L','2013-05-17','2013-05-16','2013-05-30',175000.00,0.00,NULL,NULL,NULL,1),(466,'AVAILABLE',255,'J','300513-SET-B-472','L','2013-05-17','2013-05-16','2013-05-30',1750000.00,0.00,NULL,NULL,NULL,1),(467,'AVAILABLE',279,'J','300513-SET-B-473','L','2013-05-17','2013-05-16','2013-05-30',1575000.00,0.00,NULL,NULL,NULL,1),(468,'AVAILABLE',317,'J','300513-SET-B-474','L','2013-05-17','2013-05-16','2013-05-30',525000.00,175000.00,NULL,NULL,NULL,1),(469,'AVAILABLE',274,'J','300513-SET-B-475','L','2013-05-17','2013-05-16','2013-05-30',350000.00,0.00,NULL,NULL,NULL,1),(470,'AVAILABLE',901,'J','300513-SET-B-476','L','2013-05-18','2013-05-17','2013-05-30',23550000.00,0.00,NULL,NULL,NULL,1),(471,'AVAILABLE',959,'J','300513-SET-B-477','L','2013-05-18','2013-05-17','2013-05-30',21770000.00,0.00,NULL,NULL,NULL,1),(472,'AVAILABLE',964,'J','300513-SET-B-478','L','2013-05-18','2013-05-17','2013-05-30',700000.00,0.00,NULL,NULL,NULL,1),(473,'AVAILABLE',957,'J','300513-SET-B-479','L','2013-05-18','2013-05-17','2013-05-30',6370000.00,0.00,NULL,NULL,NULL,1),(474,'AVAILABLE',965,'J','300513-SET-B-480','L','2013-05-18','2013-05-17','2013-05-30',2785000.00,350000.00,NULL,NULL,NULL,1),(475,'AVAILABLE',886,'J','300513-SET-B-481','L','2013-05-18','2013-05-17','2013-05-30',875000.00,0.00,NULL,NULL,NULL,1),(476,'AVAILABLE',886,'J','300513-SET-B-482','L','2013-05-18','2013-05-17','2013-05-30',4210000.00,0.00,NULL,NULL,NULL,1),(477,'AVAILABLE',884,'J','300513-SET-B-483','L','2013-05-18','2013-05-17','2013-05-30',2190000.00,0.00,NULL,NULL,NULL,1),(478,'AVAILABLE',878,'J','300513-SET-B-484','L','2013-05-18','2013-05-17','2013-05-30',9875000.00,2430000.00,NULL,NULL,NULL,1),(479,'AVAILABLE',811,'J','300513-SET-B-485','L','2013-05-18','2013-05-17','2013-05-30',13355000.00,0.00,NULL,NULL,NULL,1),(480,'AVAILABLE',370,'J','300513-SET-B-486','L','2013-05-18','2013-05-17','2013-05-30',525000.00,0.00,NULL,NULL,NULL,1),(481,'AVAILABLE',344,'M','300513-SET-B-487','L','2013-05-18','2013-05-17','2013-05-30',700000.00,0.00,NULL,NULL,NULL,1),(482,'AVAILABLE',225,'M','300513-SET-B-488','L','2013-05-18','2013-05-17','2013-05-30',525000.00,0.00,NULL,NULL,NULL,1),(483,'AVAILABLE',216,'J','300513-SET-B-489','L','2013-05-18','2013-05-17','2013-05-30',4355000.00,0.00,NULL,NULL,NULL,1),(484,'AVAILABLE',341,'J','300513-SET-B-490','L','2013-05-18','2013-05-17','2013-05-30',875000.00,0.00,NULL,NULL,NULL,1),(485,'AVAILABLE',393,'J','300513-SET-B-491','L','2013-05-18','2013-05-17','2013-05-30',350000.00,0.00,NULL,NULL,NULL,1),(486,'AVAILABLE',385,'J','300513-SET-B-492','L','2013-05-18','2013-05-17','2013-05-30',1865000.00,0.00,NULL,NULL,NULL,1),(487,'AVAILABLE',415,'J','300513-SET-B-493','L','2013-05-18','2013-05-17','2013-05-30',1755000.00,1095000.00,NULL,NULL,NULL,1),(488,'AVAILABLE',415,'J','300513-SET-B-494','L','2013-05-18','2013-05-17','2013-05-30',700000.00,0.00,NULL,NULL,NULL,1),(489,'AVAILABLE',384,'J','300513-SET-B-495','L','2013-05-18','2013-05-17','2013-05-30',875000.00,0.00,NULL,NULL,NULL,1),(490,'AVAILABLE',378,'J','300513-SET-B-496','L','2013-05-18','2013-05-17','2013-05-30',1225000.00,0.00,NULL,NULL,NULL,1),(491,'AVAILABLE',393,'J','300513-SET-B-497','L','2013-05-18','2013-05-17','2013-05-30',500000.00,0.00,NULL,NULL,NULL,1),(492,'AVAILABLE',383,'J','300513-SET-B-498','L','2013-05-18','2013-05-17','2013-05-30',2690000.00,0.00,NULL,NULL,NULL,1),(493,'AVAILABLE',414,'J','300513-SET-B-499','L','2013-05-18','2013-05-17','2013-05-30',1400000.00,0.00,NULL,NULL,NULL,1),(494,'AVAILABLE',208,'J','300513-SET-B-500','L','2013-05-18','2013-05-17','2013-05-30',0.00,350000.00,NULL,NULL,NULL,1),(495,'AVAILABLE',256,'J','300513-SET-B-501',NULL,'2013-05-18','2013-05-17','2013-05-30',0.00,1925000.00,NULL,NULL,NULL,1),(496,'AVAILABLE',280,'J','300513-SET-B-502','L','2013-05-18','2013-05-17','2013-05-30',1750000.00,0.00,NULL,NULL,NULL,1),(497,'AVAILABLE',318,'J','300513-SET-B-503','L','2013-05-18','2013-05-17','2013-05-30',700000.00,0.00,NULL,NULL,NULL,1),(498,'AVAILABLE',275,'J','300513-SET-B-504','L','2013-05-18','2013-05-17','2013-05-30',350000.00,350000.00,NULL,NULL,NULL,1),(499,'AVAILABLE',902,'J','300513-SET-B-505','L','2013-05-20','2013-05-19','2013-05-30',23725000.00,0.00,NULL,NULL,NULL,1),(500,'AVAILABLE',960,'J','300513-SET-B-506','L','2013-05-20','2013-05-19','2013-05-30',21945000.00,0.00,NULL,NULL,NULL,1),(501,'AVAILABLE',965,'J','300513-SET-B-507','L','2013-05-20','2013-05-19','2013-05-30',875000.00,0.00,NULL,NULL,NULL,1),(502,'AVAILABLE',958,'J','300513-SET-B-508','L','2013-05-20','2013-05-19','2013-05-30',6545000.00,0.00,NULL,NULL,NULL,1),(503,'AVAILABLE',966,'J','300513-SET-B-509','L','2013-05-20','2013-05-19','2013-05-30',2610000.00,175000.00,NULL,NULL,NULL,1),(504,'AVAILABLE',887,'J','300513-SET-B-510','L','2013-05-20','2013-05-19','2013-05-30',1050000.00,0.00,NULL,NULL,NULL,1),(505,'AVAILABLE',887,'J','300513-SET-B-511','L','2013-05-20','2013-05-19','2013-05-30',4385000.00,0.00,NULL,NULL,NULL,1),(506,'AVAILABLE',885,'J','300513-SET-B-512','L','2013-05-20','2013-05-19','2013-05-30',1665000.00,700000.00,NULL,NULL,NULL,1),(507,'AVAILABLE',879,'J','300513-SET-B-513','L','2013-05-20','2013-05-19','2013-05-30',10050000.00,0.00,NULL,NULL,NULL,1),(508,'AVAILABLE',812,'J','300513-SET-B-514','L','2013-05-20','2013-05-19','2013-05-30',13530000.00,0.00,NULL,NULL,NULL,1),(509,'AVAILABLE',371,'J','300513-SET-B-515','L','2013-05-20','2013-05-19','2013-05-30',700000.00,0.00,NULL,NULL,NULL,1),(510,'AVAILABLE',345,'J','300513-SET-B-526','L','2013-05-20','2013-05-19','2013-05-30',875000.00,0.00,NULL,NULL,NULL,1),(511,'AVAILABLE',217,'J','300513-SET-B-516','L','2013-05-20','2013-05-19','2013-05-30',3480000.00,875000.00,NULL,NULL,NULL,1),(512,'AVAILABLE',342,'J','300513-SET-B-527','L','2013-05-20','2013-05-19','2013-05-30',1050000.00,0.00,NULL,NULL,NULL,1),(513,'AVAILABLE',394,'J','300513-SET-B-528',NULL,'2013-05-20','2013-05-19','2013-05-30',0.00,525000.00,NULL,NULL,NULL,1),(514,'AVAILABLE',386,'J','300513-SET-B-529','L','2013-05-20','2013-05-19','2013-05-30',2040000.00,0.00,NULL,NULL,NULL,1),(515,'AVAILABLE',416,'J','300513-SET-B-530','L','2013-05-20','2013-05-19','2013-05-30',1930000.00,0.00,NULL,NULL,NULL,1),(516,'AVAILABLE',416,'J','300513-SET-B-531','L','2013-05-20','2013-05-19','2013-05-30',875000.00,0.00,NULL,NULL,NULL,1),(517,'AVAILABLE',385,'J','300513-SET-B-532','L','2013-05-20','2013-05-19','2013-05-30',1050000.00,0.00,NULL,NULL,NULL,1),(518,'AVAILABLE',379,'J','300513-SET-B-533','L','2013-05-20','2013-05-19','2013-05-30',1400000.00,0.00,NULL,NULL,NULL,1),(519,'AVAILABLE',394,'J','300513-SET-B-534','L','2013-05-20','2013-05-19','2013-05-30',125000.00,550000.00,NULL,NULL,NULL,1),(520,'AVAILABLE',384,'J','300513-SET-B-535','L','2013-05-20','2013-05-19','2013-05-30',2865000.00,0.00,NULL,NULL,NULL,1),(521,'AVAILABLE',415,'J','300513-SET-B-536','L','2013-05-20','2013-05-19','2013-05-30',1575000.00,0.00,NULL,NULL,NULL,1),(522,'AVAILABLE',209,'J','300513-SET-B-537','L','2013-05-20','2013-05-19','2013-05-30',175000.00,0.00,NULL,NULL,NULL,1),(523,'AVAILABLE',257,'J','300513-SET-B-538','L','2013-05-20','2013-05-19','2013-05-30',175000.00,0.00,NULL,NULL,NULL,1),(524,'AVAILABLE',281,'J','300513-SET-B-539','L','2013-05-20','2013-05-19','2013-05-30',1050000.00,875000.00,NULL,NULL,NULL,1),(525,'AVAILABLE',319,'J','300513-SET-B-540','L','2013-05-20','2013-05-19','2013-05-30',350000.00,350000.00,NULL,NULL,NULL,1),(526,'AVAILABLE',276,'J','300513-SET-B-541','L','2013-05-20','2013-05-19','2013-05-30',350000.00,0.00,NULL,NULL,NULL,1),(527,'AVAILABLE',903,'J','300513-SET-B-542','L','2013-05-21','2013-05-20','2013-05-30',23900000.00,0.00,NULL,NULL,NULL,1),(528,'AVAILABLE',961,'J','300513-SET-B-545','L','2013-05-21','2013-05-20','2013-05-30',21770000.00,350000.00,NULL,NULL,NULL,1),(529,'AVAILABLE',966,'J','300513-SET-B-546','L','2013-05-21','2013-05-20','2013-05-30',0.00,1225000.00,NULL,NULL,NULL,1),(530,'AVAILABLE',959,'J','300513-SET-B-547','L','2013-05-21','2013-05-20','2013-05-30',6720000.00,0.00,NULL,NULL,NULL,1),(531,'AVAILABLE',967,'J','300513-SET-B-548','L','2013-05-21','2013-05-20','2013-05-30',2960000.00,0.00,NULL,NULL,NULL,1),(532,'AVAILABLE',888,'J','300513-SET-B-549','L','2013-05-21','2013-05-20','2013-05-30',1050000.00,175000.00,NULL,NULL,NULL,1),(533,'AVAILABLE',888,'J','300513-SET-B-550','U','2013-05-21','2013-05-20','2013-05-30',4560000.00,0.00,NULL,NULL,NULL,1),(534,'AVAILABLE',886,'J','300513-SET-B-551','U','2013-05-21','2013-05-20','2013-05-30',1840000.00,0.00,NULL,NULL,NULL,1),(535,'AVAILABLE',880,'J','300513-SET-B-552','U','2013-05-21','2013-05-20','2013-05-30',10225000.00,0.00,NULL,NULL,NULL,1),(536,'AVAILABLE',813,'J','300513-SET-B-553','U','2013-05-21','2013-05-20','2013-05-30',13705000.00,0.00,NULL,NULL,NULL,1),(537,'AVAILABLE',372,'J','300513-SET-B-554','U','2013-05-21','2013-05-20','2013-05-30',875000.00,0.00,NULL,NULL,NULL,1),(538,'AVAILABLE',346,'J','300513-SET-B-555','U','2013-05-21','2013-05-20','2013-05-30',1050000.00,0.00,NULL,NULL,NULL,1),(539,'AVAILABLE',226,'J','300513-SET-B-556','U','2013-05-21','2013-05-20','2013-05-30',700000.00,0.00,NULL,NULL,NULL,1),(540,'AVAILABLE',218,'J','300513-SET-B-557','U','2013-05-21','2013-05-20','2013-05-30',3830000.00,0.00,NULL,NULL,NULL,1),(541,'AVAILABLE',343,'J','300513-SET-B-558','U','2013-05-21','2013-05-20','2013-05-30',1225000.00,0.00,NULL,NULL,NULL,1),(542,'AVAILABLE',395,'J','300513-SET-B-559','U','2013-05-21','2013-05-20','2013-05-30',175000.00,0.00,NULL,NULL,NULL,1),(543,'AVAILABLE',387,'J','300513-SET-560','U','2013-05-21','2013-05-20','2013-05-30',2215000.00,0.00,NULL,NULL,NULL,1),(544,'AVAILABLE',417,'J','300513-SET-B-561','U','2013-05-21','2013-05-20','2013-05-30',2105000.00,0.00,NULL,NULL,NULL,1),(545,'AVAILABLE',417,'J','300513-SET-B-562','U','2013-05-21','2013-05-20','2013-05-30',1050000.00,0.00,NULL,NULL,NULL,1),(546,'AVAILABLE',386,'J','300513-SET-B-563','L','2013-05-21','2013-05-20','2013-05-30',0.00,1225000.00,NULL,NULL,NULL,1),(547,'AVAILABLE',380,'J','300513-SET-B-564','U','2013-05-21','2013-05-20','2013-05-30',1575000.00,0.00,NULL,NULL,NULL,1),(548,'AVAILABLE',395,'J','300513-SET-B-565','U','2013-05-21','2013-05-20','2013-05-30',300000.00,0.00,NULL,NULL,NULL,1),(549,'AVAILABLE',385,'J','300513-SET-B-566','U','2013-05-21','2013-05-20','2013-05-30',3040000.00,0.00,NULL,NULL,NULL,1),(550,'AVAILABLE',416,'J','300513-SET-B-567','U','2013-05-21','2013-05-20','2013-05-30',1750000.00,0.00,NULL,NULL,NULL,1),(551,'AVAILABLE',210,'J','300513-SET-B-568','U','2013-05-21','2013-05-20','2013-05-30',175000.00,0.00,NULL,NULL,NULL,1),(552,'AVAILABLE',258,'J','300513-SET-B-569','U','2013-05-21','2013-05-20','2013-05-30',350000.00,0.00,NULL,NULL,NULL,1),(553,'AVAILABLE',282,'J','300513-SET-B-570','U','2013-05-21','2013-05-20','2013-05-30',875000.00,350000.00,NULL,NULL,NULL,1),(554,'AVAILABLE',320,'J','300513-SET-B-571','U','2013-05-21','2013-05-20','2013-05-30',700000.00,0.00,NULL,NULL,NULL,1),(555,'AVAILABLE',277,'J','300513-SET-B-572','U','2013-05-21','2013-05-20','2013-05-30',525000.00,0.00,NULL,NULL,NULL,1),(556,'AVAILABLE',904,'J','300513-SET-B-573','U','2013-05-22','2013-05-21','2013-05-30',24075000.00,0.00,NULL,NULL,NULL,1),(557,'AVAILABLE',962,'J','300513-SET-B-574','U','2013-05-22','2013-05-21','2013-05-30',21945000.00,0.00,NULL,NULL,NULL,1),(558,'AVAILABLE',967,'J','300513-SET-B-575','U','2013-05-22','2013-05-21','2013-05-30',175000.00,0.00,NULL,NULL,NULL,1),(559,'AVAILABLE',960,'J','300513-SET-B-576','U','2013-05-22','2013-05-21','2013-05-30',6895000.00,0.00,NULL,NULL,NULL,1),(560,'AVAILABLE',968,'J','300513-SET-B-577','U','2013-05-22','2013-05-21','2013-05-30',2860000.00,275000.00,NULL,NULL,NULL,1),(561,'AVAILABLE',889,'J','300513-SET-B-578','L','2013-05-22','2013-05-21','2013-05-30',1050000.00,175000.00,NULL,NULL,NULL,1),(562,'AVAILABLE',890,'J','300513-SET-B-579','U','2013-05-19','2013-05-18','2013-05-30',1225000.00,0.00,NULL,NULL,NULL,1);
/*!40000 ALTER TABLE `tr_setoran` ENABLE KEYS */;
UNLOCK TABLES;

--
-- Table structure for table `tr_setoran_detail`
--

DROP TABLE IF EXISTS `tr_setoran_detail`;
/*!40101 SET @saved_cs_client     = @@character_set_client */;
/*!40101 SET character_set_client = utf8 */;
CREATE TABLE `tr_setoran_detail` (
  `id` int(11) NOT NULL AUTO_INCREMENT,
  `cicilanOther` decimal(19,2) DEFAULT NULL,
  `angsuran` decimal(19,2) DEFAULT NULL,
  `pembayaran` decimal(19,2) DEFAULT NULL,
  `kasbon` decimal(19,2) DEFAULT NULL,
  `keterangan` varchar(255) DEFAULT NULL,
  `over_time` decimal(19,2) DEFAULT NULL,
  `tabungan` decimal(19,2) DEFAULT NULL,
  `id_pengemudi` int(11) NOT NULL,
  `id_kendaraan` int(11) NOT NULL,
  `id_setoran` int(11) NOT NULL,
  PRIMARY KEY (`id`),
  KEY `FKDF93345F6786AB91` (`id_kendaraan`),
  KEY `FKDF93345F3CDCDC7F` (`id_pengemudi`),
  KEY `FKDF93345FE2C73EDB` (`id_setoran`),
  CONSTRAINT `FKDF93345F3CDCDC7F` FOREIGN KEY (`id_pengemudi`) REFERENCES `pengemudi` (`id`),
  CONSTRAINT `FKDF93345F6786AB91` FOREIGN KEY (`id_kendaraan`) REFERENCES `kendaraan` (`id`),
  CONSTRAINT `FKDF93345FE2C73EDB` FOREIGN KEY (`id_setoran`) REFERENCES `tr_setoran` (`id`)
) ENGINE=InnoDB AUTO_INCREMENT=563 DEFAULT CHARSET=utf8;
/*!40101 SET character_set_client = @saved_cs_client */;

--
-- Dumping data for table `tr_setoran_detail`
--

LOCK TABLES `tr_setoran_detail` WRITE;
/*!40000 ALTER TABLE `tr_setoran_detail` DISABLE KEYS */;
INSERT INTO `tr_setoran_detail` VALUES (1,0.00,150000.00,0.00,175000.00,' ',0.00,25000.00,1,1,1),(2,0.00,150000.00,0.00,175000.00,' ',0.00,25000.00,2,2,2),(3,0.00,150000.00,0.00,175000.00,' ',0.00,25000.00,3,3,3),(4,0.00,150000.00,0.00,175000.00,' ',0.00,25000.00,4,4,4),(5,0.00,150000.00,0.00,175000.00,' ',0.00,25000.00,5,5,5),(6,0.00,150000.00,0.00,0.00,'SPO 01 MAY \'13 ',0.00,25000.00,6,6,6),(7,0.00,150000.00,0.00,175000.00,' ',0.00,25000.00,7,7,7),(8,0.00,150000.00,0.00,175000.00,' ',0.00,25000.00,8,8,8),(9,0.00,150000.00,0.00,175000.00,' ',0.00,25000.00,9,9,9),(10,0.00,150000.00,0.00,175000.00,' ',0.00,25000.00,10,10,10),(11,0.00,150000.00,0.00,175000.00,' ',0.00,25000.00,11,11,11),(12,0.00,150000.00,0.00,175000.00,' ',0.00,25000.00,12,12,12),(13,0.00,150000.00,0.00,175000.00,' ',0.00,25000.00,13,13,13),(14,0.00,150000.00,0.00,175000.00,' ',0.00,25000.00,14,14,14),(15,0.00,150000.00,0.00,175000.00,' ',0.00,25000.00,15,15,15),(16,0.00,150000.00,0.00,175000.00,' ',0.00,25000.00,16,16,16),(17,0.00,150000.00,0.00,175000.00,'  ',0.00,25000.00,17,17,17),(18,0.00,150000.00,0.00,175000.00,' ',0.00,25000.00,18,18,18),(19,0.00,150000.00,0.00,175000.00,' ',0.00,25000.00,19,19,19),(20,0.00,150000.00,0.00,175000.00,' ',0.00,25000.00,20,20,20),(21,0.00,150000.00,0.00,175000.00,'    ',0.00,25000.00,21,21,21),(22,0.00,150000.00,220000.00,0.00,' SPO 29 APR-01 MAY\'13',0.00,25000.00,22,22,22),(23,0.00,150000.00,0.00,175000.00,' ',0.00,25000.00,23,23,23),(24,0.00,150000.00,0.00,175000.00,' ',0.00,25000.00,24,24,24),(25,0.00,150000.00,0.00,0.00,'  SPO 01 MAY \'13',0.00,25000.00,25,25,25),(26,0.00,150000.00,0.00,175000.00,' ',0.00,25000.00,26,26,26),(27,0.00,150000.00,0.00,175000.00,'  ',0.00,25000.00,27,27,27),(28,0.00,150000.00,0.00,0.00,' SPO 01 MAY \'13',0.00,25000.00,28,28,28),(29,0.00,150000.00,0.00,175000.00,' ',0.00,25000.00,29,29,29),(30,0.00,150000.00,0.00,175000.00,' ',0.00,25000.00,1,1,30),(31,0.00,150000.00,0.00,175000.00,' ',0.00,25000.00,2,2,31),(32,0.00,150000.00,175000.00,0.00,' SPO 01-02 MAY \'13',0.00,25000.00,3,3,32),(33,0.00,150000.00,0.00,175000.00,' ',0.00,25000.00,4,4,33),(34,0.00,150000.00,175000.00,175000.00,' SPO 15 APR \'13',0.00,25000.00,5,5,34),(35,0.00,150000.00,0.00,0.00,' SPO 02 MAY \'13',0.00,25000.00,6,6,35),(36,0.00,150000.00,0.00,175000.00,' ',0.00,25000.00,7,7,36),(37,0.00,150000.00,0.00,175000.00,' ',0.00,25000.00,8,8,37),(38,0.00,150000.00,0.00,175000.00,' ',0.00,25000.00,9,9,38),(39,0.00,150000.00,0.00,175000.00,' ',0.00,25000.00,10,10,39),(40,0.00,150000.00,0.00,175000.00,' ',0.00,25000.00,11,11,40),(41,0.00,150000.00,0.00,175000.00,' ',0.00,25000.00,12,12,41),(42,0.00,150000.00,0.00,175000.00,' ',0.00,25000.00,13,13,42),(43,0.00,150000.00,0.00,175000.00,' ',0.00,25000.00,14,14,43),(44,0.00,150000.00,0.00,175000.00,' ',0.00,25000.00,15,15,44),(45,0.00,150000.00,0.00,175000.00,' ',0.00,25000.00,16,16,45),(46,0.00,150000.00,0.00,175000.00,'  ',0.00,25000.00,17,17,46),(47,0.00,150000.00,0.00,175000.00,' ',0.00,25000.00,18,18,47),(48,0.00,150000.00,0.00,175000.00,' ',0.00,25000.00,19,19,48),(49,0.00,150000.00,175000.00,0.00,' ',0.00,25000.00,20,20,49),(50,0.00,150000.00,0.00,175000.00,'    ',0.00,25000.00,21,21,50),(51,0.00,150000.00,0.00,0.00,' SPO 02 MAY \'13\n',0.00,25000.00,22,22,51),(52,0.00,150000.00,0.00,175000.00,' ',0.00,25000.00,23,23,52),(53,0.00,150000.00,0.00,175000.00,' ',0.00,25000.00,24,24,53),(54,0.00,150000.00,0.00,175000.00,'  ',0.00,25000.00,25,25,54),(55,0.00,150000.00,0.00,175000.00,' ',0.00,25000.00,26,26,55),(56,0.00,150000.00,0.00,175000.00,'  ',0.00,25000.00,27,27,56),(57,0.00,150000.00,0.00,0.00,' SPO 02 MAY \'13',0.00,25000.00,28,28,57),(58,0.00,150000.00,175000.00,0.00,' SPO 01-02 MAY \'13',0.00,25000.00,29,29,58),(59,0.00,150000.00,0.00,175000.00,' ',0.00,25000.00,1,1,59),(60,0.00,150000.00,0.00,175000.00,' ',0.00,25000.00,2,2,60),(61,0.00,150000.00,0.00,175000.00,' ',0.00,25000.00,3,3,61),(62,0.00,150000.00,0.00,175000.00,' ',0.00,25000.00,4,4,62),(63,0.00,150000.00,0.00,175000.00,' ',0.00,25000.00,5,5,63),(64,0.00,150000.00,0.00,175000.00,' ',0.00,25000.00,6,6,64),(65,0.00,150000.00,0.00,175000.00,' ',0.00,25000.00,7,7,65),(66,0.00,150000.00,0.00,175000.00,' ',0.00,25000.00,8,8,66),(67,0.00,150000.00,0.00,175000.00,' ',0.00,25000.00,9,9,67),(68,0.00,150000.00,0.00,175000.00,' ',0.00,25000.00,10,10,68),(69,0.00,150000.00,0.00,175000.00,' ',0.00,25000.00,11,11,69),(70,0.00,150000.00,0.00,175000.00,' ',0.00,25000.00,12,12,70),(71,0.00,150000.00,0.00,175000.00,' ',0.00,25000.00,13,13,71),(72,0.00,150000.00,0.00,175000.00,' ',0.00,25000.00,14,14,72),(73,0.00,150000.00,0.00,175000.00,' ',0.00,25000.00,15,15,73),(74,0.00,150000.00,350000.00,0.00,' SPO 01-03 MAY \'13',0.00,25000.00,16,16,74),(75,0.00,150000.00,0.00,175000.00,'  ',0.00,25000.00,17,17,75),(76,0.00,150000.00,0.00,175000.00,' ',0.00,25000.00,19,19,76),(77,0.00,150000.00,0.00,175000.00,' ',0.00,25000.00,18,18,77),(78,0.00,150000.00,0.00,175000.00,' ',0.00,25000.00,20,20,78),(79,0.00,150000.00,0.00,175000.00,'    ',0.00,25000.00,21,21,79),(80,0.00,150000.00,0.00,175000.00,' ',0.00,25000.00,22,22,80),(81,0.00,150000.00,700000.00,175000.00,' SPO 15-18 APR \'13',0.00,25000.00,23,23,81),(82,0.00,150000.00,0.00,175000.00,' ',0.00,25000.00,24,24,82),(83,0.00,150000.00,0.00,175000.00,'  ',0.00,25000.00,25,25,83),(84,0.00,150000.00,0.00,175000.00,' ',0.00,25000.00,26,26,84),(85,0.00,150000.00,0.00,175000.00,'  ',0.00,25000.00,27,27,85),(86,0.00,150000.00,0.00,175000.00,' ',0.00,25000.00,28,28,86),(87,0.00,150000.00,0.00,175000.00,' ',0.00,25000.00,29,29,87),(88,0.00,150000.00,0.00,175000.00,' ',0.00,25000.00,1,1,88),(89,65000.00,150000.00,635000.00,175000.00,' SPO 31 DES-03 JAN \'13',0.00,25000.00,2,2,89),(90,0.00,150000.00,0.00,175000.00,' ',0.00,25000.00,3,3,90),(91,0.00,150000.00,0.00,175000.00,' ',0.00,25000.00,4,4,91),(92,0.00,150000.00,175000.00,175000.00,' SPO 16 APR \'13',0.00,25000.00,5,5,92),(93,0.00,150000.00,0.00,175000.00,' ',0.00,25000.00,6,6,93),(94,0.00,150000.00,0.00,175000.00,' ',0.00,25000.00,7,7,94),(95,0.00,150000.00,0.00,175000.00,' ',0.00,25000.00,8,8,95),(96,0.00,150000.00,0.00,175000.00,' ',0.00,25000.00,9,9,96),(97,0.00,150000.00,0.00,175000.00,' ',0.00,25000.00,10,10,97),(98,0.00,150000.00,0.00,175000.00,' ',0.00,25000.00,11,11,98),(99,0.00,150000.00,0.00,175000.00,' ',0.00,25000.00,12,12,99),(100,0.00,150000.00,525000.00,0.00,' SPO 01-04 MAY \'13',0.00,25000.00,13,13,100),(101,0.00,150000.00,0.00,175000.00,' ',0.00,25000.00,14,14,101),(102,0.00,150000.00,0.00,175000.00,' ',0.00,25000.00,15,15,102),(103,0.00,150000.00,0.00,175000.00,' ',0.00,25000.00,16,16,103),(104,0.00,150000.00,0.00,175000.00,'  ',0.00,25000.00,17,17,104),(105,0.00,150000.00,0.00,175000.00,' ',0.00,25000.00,18,18,105),(106,0.00,150000.00,0.00,175000.00,' ',0.00,25000.00,19,19,106),(107,0.00,150000.00,175000.00,0.00,' SPO 03-04 MAY \'13',0.00,25000.00,20,20,107),(108,0.00,150000.00,0.00,175000.00,'    ',0.00,25000.00,21,21,108),(109,0.00,150000.00,0.00,175000.00,' ',0.00,25000.00,22,22,109),(110,0.00,150000.00,0.00,175000.00,' ',0.00,25000.00,23,23,110),(111,0.00,150000.00,0.00,175000.00,' ',0.00,25000.00,24,24,111),(112,0.00,150000.00,350000.00,0.00,'  SPO 02-04 MAY \'13',0.00,25000.00,25,25,112),(113,0.00,150000.00,0.00,175000.00,' ',0.00,25000.00,26,26,113),(114,0.00,150000.00,0.00,175000.00,'  ',0.00,25000.00,27,27,114),(115,0.00,150000.00,175000.00,0.00,' SPO 03-04 MAY \'13',0.00,25000.00,28,28,115),(116,0.00,150000.00,0.00,175000.00,' ',0.00,25000.00,29,29,116),(117,0.00,150000.00,0.00,175000.00,' ',0.00,25000.00,1,1,117),(118,0.00,150000.00,0.00,175000.00,' ',0.00,25000.00,2,2,118),(119,0.00,150000.00,0.00,175000.00,' ',0.00,25000.00,3,3,119),(120,0.00,150000.00,0.00,175000.00,' ',0.00,25000.00,4,4,120),(121,0.00,150000.00,175000.00,175000.00,' ',0.00,25000.00,5,5,121),(122,0.00,150000.00,350000.00,175000.00,'SPO 03-04 MAY \'13 ',0.00,25000.00,6,6,122),(123,0.00,150000.00,0.00,175000.00,' ',0.00,25000.00,7,7,123),(124,0.00,150000.00,0.00,175000.00,' ',0.00,25000.00,8,8,124),(125,0.00,150000.00,0.00,175000.00,' ',0.00,25000.00,9,9,125),(126,0.00,150000.00,0.00,175000.00,' ',0.00,25000.00,10,10,126),(127,0.00,150000.00,0.00,175000.00,' ',0.00,25000.00,11,11,127),(129,0.00,150000.00,700000.00,0.00,' SPO 01-05 MAY \'13',0.00,25000.00,12,12,129),(130,0.00,150000.00,0.00,175000.00,' ',0.00,25000.00,13,13,130),(131,0.00,150000.00,0.00,175000.00,' ',0.00,25000.00,14,14,131),(132,0.00,150000.00,700000.00,0.00,' SPO 01-05 MAY \'13',0.00,25000.00,15,15,132),(133,0.00,150000.00,175000.00,0.00,' SPO 04-05 MAY \'13',0.00,25000.00,16,16,133),(134,0.00,150000.00,0.00,175000.00,'  ',0.00,25000.00,17,17,134),(135,0.00,150000.00,0.00,175000.00,' ',0.00,25000.00,18,18,135),(136,0.00,150000.00,525000.00,175000.00,' SPO 01-03 MAY \'13',0.00,25000.00,19,19,136),(137,0.00,150000.00,0.00,175000.00,' ',0.00,25000.00,20,20,137),(138,0.00,150000.00,0.00,175000.00,'    ',0.00,25000.00,21,21,138),(139,0.00,150000.00,0.00,175000.00,' ',0.00,25000.00,22,22,139),(140,25000.00,150000.00,350000.00,175000.00,' SPO 19-20 APR \'13\n',0.00,25000.00,23,23,140),(141,0.00,150000.00,0.00,175000.00,' ',0.00,25000.00,24,24,141),(142,0.00,150000.00,0.00,175000.00,'  ',0.00,25000.00,25,25,142),(143,0.00,150000.00,0.00,175000.00,' ',0.00,25000.00,26,26,143),(144,0.00,150000.00,0.00,175000.00,'  ',0.00,25000.00,27,27,144),(145,0.00,150000.00,0.00,175000.00,' ',0.00,25000.00,28,28,145),(146,0.00,150000.00,0.00,175000.00,' ',0.00,25000.00,28,28,146),(147,0.00,150000.00,350000.00,0.00,' SPO 03-05 MAY \'13',0.00,25000.00,29,29,147),(148,0.00,150000.00,0.00,175000.00,' ',0.00,25000.00,1,1,148),(149,0.00,150000.00,0.00,175000.00,' ',0.00,25000.00,2,2,149),(150,0.00,150000.00,525000.00,0.00,' SPO 03-06 MAY \'13',0.00,25000.00,3,3,150),(151,0.00,150000.00,0.00,175000.00,' ',0.00,25000.00,4,4,151),(152,0.00,150000.00,0.00,175000.00,' ',0.00,25000.00,5,5,152),(153,0.00,150000.00,175000.00,175000.00,' SPO 05 MAY \'13',0.00,25000.00,6,6,153),(154,0.00,150000.00,0.00,175000.00,' ',0.00,25000.00,7,7,154),(155,0.00,150000.00,0.00,175000.00,' ',0.00,25000.00,8,8,155),(156,0.00,150000.00,700000.00,175000.00,' SPO 03-06 MRT \'13',0.00,25000.00,9,9,156),(157,0.00,150000.00,0.00,175000.00,' ',0.00,25000.00,10,10,157),(158,0.00,150000.00,0.00,175000.00,' ',0.00,25000.00,11,11,158),(159,0.00,150000.00,0.00,175000.00,' ',0.00,25000.00,12,12,159),(160,0.00,150000.00,175000.00,175000.00,' SPO 05 MAY \'13',0.00,25000.00,13,13,160),(161,0.00,150000.00,875000.00,175000.00,' SPO 13-17 APR \'13',0.00,25000.00,14,14,161),(162,0.00,150000.00,0.00,175000.00,' ',0.00,25000.00,15,15,162),(163,0.00,150000.00,0.00,0.00,' SPO 06 MAY \'13',0.00,25000.00,16,16,163),(164,0.00,150000.00,0.00,175000.00,'  ',0.00,25000.00,17,17,164),(165,0.00,150000.00,1050000.00,175000.00,' SPO 13-18 APR \'13',0.00,25000.00,18,18,165),(166,0.00,150000.00,175000.00,175000.00,' SPO 04 MAY \'13',0.00,25000.00,19,19,166),(167,0.00,150000.00,0.00,175000.00,' ',0.00,25000.00,20,20,167),(168,0.00,150000.00,0.00,175000.00,'    ',0.00,25000.00,21,21,168),(169,0.00,150000.00,525000.00,175000.00,' SPO 03-05 MAY \'13',0.00,25000.00,22,22,169),(170,0.00,150000.00,0.00,175000.00,' ',0.00,25000.00,23,23,170),(171,0.00,150000.00,0.00,175000.00,' ',0.00,25000.00,24,24,171),(172,0.00,150000.00,175000.00,0.00,'  SPO 05-06 MAY \'13',0.00,25000.00,25,25,172),(173,0.00,150000.00,0.00,175000.00,' ',0.00,25000.00,26,26,173),(174,0.00,150000.00,525000.00,175000.00,'  SPO 01-03 MAY \'13',0.00,25000.00,27,27,174),(175,0.00,150000.00,175000.00,0.00,' SPO 05-06 MAY \'13',0.00,25000.00,28,28,175),(176,0.00,150000.00,0.00,175000.00,' ',0.00,25000.00,29,29,176),(177,0.00,150000.00,0.00,175000.00,' ',0.00,25000.00,1,1,177),(178,0.00,150000.00,0.00,175000.00,' ',0.00,25000.00,2,2,178),(179,0.00,150000.00,0.00,175000.00,' ',0.00,25000.00,3,3,179),(180,0.00,150000.00,0.00,175000.00,' ',0.00,25000.00,4,4,180),(181,0.00,150000.00,0.00,175000.00,' ',0.00,25000.00,5,5,181),(182,0.00,150000.00,175000.00,175000.00,'SPO 06 MAY \'13',0.00,25000.00,6,6,182),(183,0.00,150000.00,0.00,175000.00,' ',0.00,25000.00,7,7,183),(184,0.00,150000.00,525000.00,175000.00,' SPO 24-26 APR \'13',0.00,25000.00,8,8,184),(185,0.00,150000.00,0.00,175000.00,' ',0.00,25000.00,9,9,185),(186,0.00,150000.00,0.00,175000.00,' ',0.00,25000.00,10,10,186),(187,0.00,150000.00,0.00,175000.00,' ',0.00,25000.00,11,11,187),(188,0.00,150000.00,0.00,175000.00,' ',0.00,25000.00,12,12,188),(189,0.00,150000.00,0.00,175000.00,' ',0.00,25000.00,13,13,189),(190,0.00,150000.00,0.00,175000.00,' ',0.00,25000.00,14,14,190),(191,0.00,150000.00,0.00,175000.00,' ',0.00,25000.00,15,15,191),(192,0.00,150000.00,0.00,175000.00,' ',0.00,25000.00,16,16,192),(193,0.00,150000.00,0.00,175000.00,'  ',0.00,25000.00,17,17,193),(194,0.00,150000.00,0.00,175000.00,' ',0.00,25000.00,18,18,194),(195,0.00,150000.00,0.00,175000.00,' ',0.00,25000.00,19,19,195),(196,0.00,150000.00,0.00,175000.00,' ',0.00,25000.00,20,20,196),(197,0.00,150000.00,0.00,175000.00,'    ',0.00,25000.00,21,21,197),(198,0.00,150000.00,0.00,175000.00,' ',0.00,25000.00,22,22,198),(199,0.00,150000.00,0.00,175000.00,' ',0.00,25000.00,23,23,199),(200,0.00,150000.00,0.00,175000.00,' ',0.00,25000.00,24,24,200),(201,0.00,150000.00,0.00,0.00,'  SPO 07 MAY \'13',0.00,25000.00,25,25,201),(202,0.00,150000.00,1050000.00,175000.00,' SPO 01-06 MAY \'13',0.00,25000.00,26,26,202),(203,0.00,150000.00,175000.00,175000.00,'  SPO 04 MAY \'13',0.00,25000.00,27,27,203),(204,0.00,150000.00,0.00,175000.00,' ',0.00,25000.00,28,28,204),(205,0.00,150000.00,175000.00,0.00,' SPO 06-07 MAY \'13',0.00,25000.00,29,29,205),(206,0.00,150000.00,350000.00,175000.00,' SPO 17-18 OKT \'12',0.00,25000.00,1,1,206),(207,0.00,150000.00,0.00,175000.00,' ',0.00,25000.00,2,2,207),(208,0.00,150000.00,0.00,175000.00,' ',0.00,25000.00,3,3,208),(209,0.00,150000.00,0.00,175000.00,' ',0.00,25000.00,4,4,209),(210,0.00,150000.00,525000.00,175000.00,' SPO 18-20 APR \'13',0.00,25000.00,5,5,210),(211,0.00,150000.00,0.00,175000.00,' ',0.00,25000.00,6,6,211),(212,0.00,150000.00,1050000.00,175000.00,' SPO 17-22 APR \'13',0.00,25000.00,7,7,212),(213,0.00,150000.00,0.00,175000.00,' ',0.00,25000.00,8,8,213),(214,0.00,150000.00,0.00,175000.00,' ',0.00,25000.00,9,9,214),(215,0.00,150000.00,0.00,175000.00,' ',0.00,25000.00,10,10,215),(216,0.00,150000.00,1225000.00,0.00,' SPO 01-08 MAY \'13',0.00,25000.00,11,11,216),(217,0.00,150000.00,0.00,175000.00,' ',0.00,25000.00,12,12,217),(218,0.00,150000.00,350000.00,175000.00,' SPO 06-07 MAY \'13\n',0.00,25000.00,13,13,218),(219,0.00,150000.00,350000.00,175000.00,' SPO 18-19 APR \'13',0.00,25000.00,14,14,219),(220,0.00,150000.00,0.00,175000.00,' ',0.00,25000.00,15,15,220),(221,0.00,150000.00,0.00,175000.00,' ',0.00,25000.00,16,16,221),(222,0.00,150000.00,0.00,175000.00,'  ',0.00,25000.00,17,17,222),(223,0.00,150000.00,0.00,175000.00,' ',0.00,25000.00,18,18,223),(224,0.00,150000.00,0.00,175000.00,' ',0.00,25000.00,19,19,224),(225,0.00,150000.00,0.00,175000.00,' ',0.00,25000.00,20,20,225),(226,0.00,150000.00,0.00,175000.00,'    ',0.00,25000.00,21,21,226),(227,0.00,150000.00,0.00,175000.00,' ',0.00,25000.00,22,22,227),(228,0.00,150000.00,0.00,175000.00,' ',0.00,25000.00,23,23,228),(229,0.00,150000.00,0.00,175000.00,' ',0.00,25000.00,24,24,229),(230,0.00,150000.00,0.00,175000.00,'  ',0.00,25000.00,25,25,230),(231,0.00,150000.00,0.00,175000.00,' ',0.00,25000.00,26,26,231),(232,0.00,150000.00,0.00,175000.00,'  ',0.00,25000.00,27,27,232),(233,0.00,150000.00,175000.00,175000.00,'SPO 07 MAY \'13',0.00,25000.00,28,28,233),(234,0.00,150000.00,0.00,175000.00,' ',0.00,25000.00,29,29,234),(235,0.00,150000.00,0.00,175000.00,' ',0.00,25000.00,1,1,235),(236,0.00,150000.00,0.00,175000.00,' ',0.00,25000.00,2,2,236),(237,0.00,150000.00,350000.00,0.00,' SPO 07-09 MAY \'13',0.00,25000.00,3,3,237),(238,0.00,150000.00,0.00,175000.00,' ',0.00,25000.00,4,4,238),(239,0.00,150000.00,175000.00,175000.00,' SPO 21 APR \'13',0.00,25000.00,5,5,239),(240,0.00,150000.00,0.00,175000.00,' ',0.00,25000.00,6,6,240),(241,0.00,150000.00,0.00,175000.00,' ',0.00,25000.00,7,7,241),(242,0.00,150000.00,0.00,175000.00,' ',0.00,25000.00,8,8,242),(243,0.00,150000.00,0.00,175000.00,' ',0.00,25000.00,9,9,243),(244,0.00,150000.00,0.00,175000.00,' ',0.00,25000.00,10,10,244),(245,0.00,150000.00,0.00,175000.00,' ',0.00,25000.00,11,11,245),(246,0.00,150000.00,0.00,175000.00,' ',0.00,25000.00,12,12,246),(247,0.00,150000.00,0.00,175000.00,' ',0.00,25000.00,13,13,247),(248,0.00,150000.00,0.00,175000.00,' ',0.00,25000.00,14,14,248),(249,0.00,150000.00,0.00,175000.00,' ',0.00,25000.00,15,15,249),(250,0.00,150000.00,350000.00,0.00,' SPO 07-09 MAY \'13',0.00,25000.00,16,16,250),(251,130000.00,150000.00,1445000.00,175000.00,'  SPO 28 APR-06 MAY \'13',0.00,25000.00,17,17,251),(252,0.00,150000.00,0.00,175000.00,' ',0.00,25000.00,18,18,252),(253,0.00,150000.00,0.00,175000.00,' ',0.00,25000.00,19,19,253),(254,0.00,150000.00,0.00,175000.00,' ',0.00,25000.00,20,20,254),(255,0.00,150000.00,0.00,175000.00,'    ',0.00,25000.00,21,21,255),(256,0.00,150000.00,0.00,175000.00,' ',0.00,25000.00,22,22,256),(257,0.00,150000.00,700000.00,175000.00,' SPO 21-24 APR \'13',0.00,25000.00,23,23,257),(258,0.00,150000.00,0.00,175000.00,' ',0.00,25000.00,24,24,258),(259,5000.00,150000.00,175000.00,175000.00,'SPO 08 MAY \'13  ',0.00,25000.00,25,25,259),(260,0.00,150000.00,0.00,175000.00,' ',0.00,25000.00,26,26,260),(261,0.00,150000.00,0.00,175000.00,'  ',0.00,25000.00,27,27,261),(262,0.00,150000.00,175000.00,175000.00,' SPO 08 MAY \'13',0.00,25000.00,28,28,262),(263,0.00,150000.00,0.00,175000.00,' ',0.00,25000.00,29,29,263),(264,0.00,150000.00,0.00,175000.00,' ',0.00,25000.00,1,1,264),(265,0.00,150000.00,0.00,175000.00,' ',0.00,25000.00,2,2,265),(266,0.00,150000.00,0.00,175000.00,' ',0.00,25000.00,3,3,266),(267,0.00,150000.00,0.00,175000.00,' ',0.00,25000.00,4,4,267),(268,0.00,150000.00,175000.00,175000.00,' SPO 22 APR \'13',0.00,25000.00,5,5,268),(269,0.00,150000.00,0.00,175000.00,' ',0.00,25000.00,6,6,269),(270,0.00,150000.00,0.00,175000.00,' ',0.00,25000.00,7,7,270),(271,130000.00,150000.00,570000.00,175000.00,' SPO 27 APR-01 MAY \'13',0.00,25000.00,8,8,271),(272,0.00,150000.00,0.00,175000.00,' ',0.00,25000.00,9,9,272),(273,0.00,150000.00,0.00,175000.00,' ',0.00,25000.00,10,10,273),(274,0.00,150000.00,0.00,175000.00,' ',0.00,25000.00,11,11,274),(275,0.00,150000.00,700000.00,0.00,' SPO 06-10 MAY \'13',0.00,25000.00,12,12,275),(276,0.00,150000.00,0.00,175000.00,' ',0.00,25000.00,13,13,276),(277,0.00,150000.00,0.00,175000.00,' ',0.00,25000.00,14,14,277),(278,0.00,150000.00,0.00,175000.00,' ',0.00,25000.00,15,15,278),(279,0.00,150000.00,0.00,175000.00,' ',0.00,25000.00,16,16,279),(280,0.00,150000.00,0.00,175000.00,'  ',0.00,25000.00,17,17,280),(281,0.00,150000.00,0.00,175000.00,' ',0.00,25000.00,18,18,281),(282,0.00,150000.00,700000.00,175000.00,' SPO 05-08 MAY \'13',0.00,25000.00,19,19,282),(283,0.00,150000.00,0.00,175000.00,' ',0.00,25000.00,20,20,283),(284,0.00,150000.00,0.00,175000.00,'    ',0.00,25000.00,21,21,284),(285,100000.00,150000.00,700000.00,175000.00,' SPO 06-09 MAY \'13',0.00,25000.00,22,22,285),(286,0.00,150000.00,0.00,175000.00,' ',0.00,25000.00,23,23,286),(287,0.00,150000.00,1575000.00,0.00,' SPO 01-10 MAY \'13',0.00,25000.00,24,24,287),(288,0.00,150000.00,0.00,175000.00,'  ',0.00,25000.00,25,25,288),(289,0.00,150000.00,0.00,175000.00,' ',0.00,25000.00,26,26,289),(290,0.00,150000.00,0.00,175000.00,'  ',0.00,25000.00,27,27,290),(291,0.00,150000.00,0.00,175000.00,' ',0.00,25000.00,28,28,291),(292,0.00,150000.00,0.00,175000.00,' ',0.00,25000.00,29,29,292),(293,0.00,150000.00,0.00,175000.00,' ',0.00,25000.00,1,1,293),(294,0.00,150000.00,0.00,175000.00,' ',0.00,25000.00,2,2,294),(295,0.00,150000.00,175000.00,0.00,' SPO 10-11 MAY \'13',0.00,25000.00,3,3,295),(296,0.00,150000.00,0.00,175000.00,' ',0.00,25000.00,4,4,296),(297,0.00,150000.00,0.00,175000.00,' ',0.00,25000.00,5,5,297),(298,0.00,150000.00,0.00,175000.00,' ',0.00,25000.00,6,6,298),(299,0.00,150000.00,0.00,175000.00,' ',0.00,25000.00,7,7,299),(300,0.00,150000.00,0.00,175000.00,' ',0.00,25000.00,8,8,300),(301,0.00,150000.00,0.00,175000.00,' ',0.00,25000.00,9,9,301),(302,0.00,150000.00,0.00,175000.00,' ',0.00,25000.00,10,10,302),(303,0.00,150000.00,0.00,175000.00,' ',0.00,25000.00,11,11,303),(304,0.00,150000.00,0.00,175000.00,' ',0.00,25000.00,12,12,304),(305,0.00,150000.00,525000.00,175000.00,' SPO 08-10 MAY \'13',0.00,25000.00,13,13,305),(306,0.00,150000.00,350000.00,175000.00,' SPO 20-21 APR \'13',0.00,25000.00,14,14,306),(307,0.00,150000.00,0.00,175000.00,' ',0.00,25000.00,15,15,307),(308,0.00,150000.00,0.00,175000.00,' ',0.00,25000.00,16,16,308),(309,0.00,150000.00,0.00,175000.00,'  ',0.00,25000.00,17,17,309),(310,0.00,150000.00,0.00,175000.00,' ',0.00,25000.00,18,18,310),(311,0.00,150000.00,0.00,175000.00,' ',0.00,25000.00,19,19,311),(312,0.00,150000.00,0.00,175000.00,' ',0.00,25000.00,20,20,312),(313,0.00,150000.00,1750000.00,175000.00,'    SPO 01-10 MAY \'13',0.00,25000.00,21,21,313),(314,0.00,150000.00,0.00,175000.00,' ',0.00,25000.00,22,22,314),(315,0.00,150000.00,0.00,175000.00,' ',0.00,25000.00,23,23,315),(316,0.00,150000.00,0.00,175000.00,' ',0.00,25000.00,24,24,316),(317,40000.00,150000.00,350000.00,175000.00,'  SPO 09-10 MAY \'13',0.00,25000.00,25,25,317),(318,0.00,150000.00,0.00,175000.00,' ',0.00,25000.00,26,26,318),(319,0.00,150000.00,350000.00,175000.00,'  SPO 05-06 MAY \'13',0.00,25000.00,27,27,319),(320,0.00,150000.00,350000.00,175000.00,' SPO 09-10 MAY \'13',0.00,25000.00,28,28,320),(321,0.00,150000.00,525000.00,175000.00,' SPO 08-10 MAY \'13',0.00,25000.00,29,29,321),(322,0.00,150000.00,0.00,175000.00,' ',0.00,25000.00,1,1,322),(323,25000.00,150000.00,875000.00,175000.00,' SPO 04-08 JAN \'13',0.00,25000.00,2,2,323),(324,0.00,150000.00,0.00,175000.00,' ',0.00,25000.00,3,3,324),(325,0.00,150000.00,0.00,175000.00,' ',0.00,25000.00,4,4,325),(326,0.00,150000.00,175000.00,175000.00,' SPO 23 APR \'13',0.00,25000.00,5,5,326),(327,0.00,150000.00,350000.00,175000.00,' SPO 07-08 MAY \'13',0.00,25000.00,6,6,327),(328,0.00,150000.00,0.00,175000.00,' ',0.00,25000.00,7,7,328),(329,0.00,150000.00,525000.00,175000.00,' SPO 02-04 MAY \'13',0.00,25000.00,8,8,329),(330,0.00,150000.00,0.00,175000.00,' ',0.00,25000.00,9,9,330),(331,0.00,150000.00,0.00,175000.00,' ',0.00,25000.00,10,10,331),(332,0.00,150000.00,0.00,175000.00,' ',0.00,25000.00,11,11,332),(333,0.00,150000.00,0.00,175000.00,' ',0.00,25000.00,12,12,333),(334,0.00,150000.00,0.00,175000.00,' ',0.00,25000.00,13,13,334),(335,0.00,150000.00,0.00,175000.00,' ',0.00,25000.00,14,14,335),(336,0.00,150000.00,0.00,175000.00,' ',0.00,25000.00,15,15,336),(337,0.00,150000.00,350000.00,0.00,' SPO 10-12 MAY \'13',0.00,25000.00,16,16,337),(338,0.00,150000.00,0.00,175000.00,'  ',0.00,25000.00,17,17,338),(339,0.00,150000.00,1050000.00,175000.00,' SPO 19-24 APR \'13',0.00,25000.00,18,18,339),(340,0.00,150000.00,0.00,175000.00,' ',0.00,25000.00,19,19,340),(341,0.00,150000.00,0.00,175000.00,'  ',0.00,25000.00,17,17,341),(342,0.00,150000.00,1050000.00,175000.00,' SPO 19-24 APR \'13',0.00,25000.00,18,18,342),(343,0.00,150000.00,0.00,175000.00,' ',0.00,25000.00,19,19,343),(344,0.00,150000.00,1225000.00,0.00,' SPO 05-12 MAY \'13',0.00,25000.00,20,20,344),(345,0.00,150000.00,0.00,175000.00,'    ',0.00,25000.00,21,21,345),(346,0.00,150000.00,0.00,175000.00,' ',0.00,25000.00,22,22,346),(347,0.00,150000.00,525000.00,175000.00,' SPO 25-27 APR \'13',0.00,25000.00,23,23,347),(348,0.00,150000.00,0.00,175000.00,' ',0.00,25000.00,24,24,348),(349,25000.00,150000.00,175000.00,175000.00,'  SPO 11 MAY \'13',0.00,25000.00,25,25,349),(350,0.00,150000.00,0.00,175000.00,' ',0.00,25000.00,26,26,350),(351,0.00,150000.00,0.00,175000.00,'  ',0.00,25000.00,27,27,351),(352,0.00,150000.00,0.00,175000.00,' ',0.00,25000.00,28,28,352),(353,0.00,150000.00,175000.00,0.00,' SPO 11-12 MAY \'13',0.00,25000.00,29,29,353),(354,0.00,150000.00,0.00,175000.00,' ',0.00,25000.00,1,1,354),(355,0.00,150000.00,0.00,175000.00,' ',0.00,25000.00,2,2,355),(356,0.00,150000.00,0.00,175000.00,' ',0.00,25000.00,3,3,356),(357,0.00,150000.00,0.00,175000.00,' ',0.00,25000.00,4,4,357),(358,0.00,150000.00,175000.00,175000.00,' SPO 24 APR \'13',0.00,25000.00,5,5,358),(359,0.00,150000.00,175000.00,175000.00,' SPO 09 MAY \'13',0.00,25000.00,6,6,359),(360,0.00,150000.00,0.00,175000.00,' ',0.00,25000.00,7,7,360),(361,0.00,150000.00,0.00,175000.00,' ',0.00,25000.00,8,8,361),(362,0.00,150000.00,0.00,175000.00,' ',0.00,25000.00,9,9,362),(363,0.00,150000.00,0.00,175000.00,' ',0.00,25000.00,10,10,363),(364,0.00,150000.00,0.00,175000.00,' ',0.00,25000.00,11,11,364),(365,0.00,150000.00,350000.00,0.00,' SPO 11-13 MAY \'13',0.00,25000.00,12,12,365),(366,0.00,150000.00,0.00,175000.00,' ',0.00,25000.00,13,13,366),(367,0.00,150000.00,0.00,175000.00,' ',0.00,25000.00,14,14,367),(368,0.00,150000.00,1225000.00,175000.00,' SPO 06-12 MAY \'13',0.00,25000.00,15,15,368),(369,0.00,150000.00,0.00,175000.00,' ',0.00,25000.00,16,16,369),(370,0.00,150000.00,0.00,175000.00,'  ',0.00,25000.00,17,17,370),(371,0.00,150000.00,0.00,175000.00,' ',0.00,25000.00,18,18,371),(372,0.00,150000.00,0.00,175000.00,' ',0.00,25000.00,19,19,372),(373,0.00,150000.00,0.00,175000.00,' ',0.00,25000.00,20,20,373),(374,0.00,150000.00,0.00,175000.00,'    ',0.00,25000.00,21,21,374),(375,0.00,150000.00,0.00,175000.00,' ',0.00,25000.00,22,22,375),(376,0.00,150000.00,0.00,175000.00,' ',0.00,25000.00,23,23,376),(377,0.00,150000.00,0.00,175000.00,' ',0.00,25000.00,24,24,377),(378,25000.00,150000.00,175000.00,175000.00,'  SPO 12 MAY \'13',0.00,25000.00,25,25,378),(379,0.00,150000.00,0.00,175000.00,' ',0.00,25000.00,26,26,379),(380,0.00,150000.00,0.00,175000.00,'  ',0.00,25000.00,27,27,380),(381,0.00,150000.00,0.00,175000.00,' ',0.00,25000.00,28,28,381),(382,0.00,150000.00,0.00,175000.00,' ',0.00,25000.00,29,29,382),(383,0.00,150000.00,875000.00,175000.00,' SPO 19-23 OKT \'13',0.00,25000.00,1,1,383),(384,0.00,150000.00,0.00,175000.00,' ',0.00,25000.00,2,2,384),(385,0.00,150000.00,350000.00,175000.00,' SPO 12-13 MAY \'13',0.00,25000.00,3,3,385),(386,0.00,150000.00,0.00,175000.00,' ',0.00,25000.00,4,4,386),(387,0.00,150000.00,350000.00,175000.00,' SPO 25-26 APR \'13',0.00,25000.00,5,5,387),(388,0.00,150000.00,175000.00,175000.00,' SPO 10 MAY \'13',0.00,25000.00,6,6,388),(389,0.00,150000.00,0.00,175000.00,' ',0.00,25000.00,7,7,389),(390,0.00,150000.00,0.00,175000.00,' ',0.00,25000.00,8,8,390),(391,0.00,150000.00,0.00,175000.00,' ',0.00,25000.00,9,9,391),(392,0.00,150000.00,0.00,175000.00,' ',0.00,25000.00,10,10,392),(393,0.00,150000.00,875000.00,0.00,' SPO 09-14 MAY \'13',0.00,25000.00,11,11,393),(394,0.00,150000.00,0.00,175000.00,' ',0.00,25000.00,12,12,394),(395,0.00,150000.00,525000.00,175000.00,' SPO 11-13 MAY \'13',0.00,25000.00,13,13,395),(396,0.00,150000.00,0.00,175000.00,' ',0.00,25000.00,14,14,396),(397,0.00,150000.00,0.00,175000.00,' ',0.00,25000.00,15,15,397),(398,0.00,150000.00,0.00,175000.00,' ',0.00,25000.00,16,16,398),(399,0.00,150000.00,0.00,175000.00,'  ',0.00,25000.00,17,17,399),(400,0.00,150000.00,0.00,175000.00,' ',0.00,25000.00,18,18,400),(401,0.00,150000.00,700000.00,175000.00,' SPO 09-12 MAY \'13',0.00,25000.00,19,19,401),(402,0.00,150000.00,0.00,175000.00,' ',0.00,25000.00,20,20,402),(403,0.00,150000.00,0.00,175000.00,'    ',0.00,25000.00,21,21,403),(404,100000.00,150000.00,700000.00,175000.00,' SPO 10-13 MAY \'13',0.00,25000.00,22,22,404),(405,0.00,150000.00,0.00,175000.00,' ',0.00,25000.00,23,23,405),(406,0.00,150000.00,0.00,175000.00,' ',0.00,25000.00,24,24,406),(407,0.00,150000.00,0.00,175000.00,'  ',0.00,25000.00,25,25,407),(408,0.00,150000.00,0.00,175000.00,' ',0.00,25000.00,26,26,408),(409,0.00,150000.00,175000.00,175000.00,'SPO 07 MAY \'13  ',0.00,25000.00,27,27,409),(410,0.00,150000.00,0.00,175000.00,' ',0.00,25000.00,28,28,410),(411,0.00,150000.00,0.00,175000.00,' ',0.00,25000.00,29,29,411),(412,0.00,150000.00,0.00,175000.00,' ',0.00,25000.00,1,1,412),(413,0.00,150000.00,0.00,175000.00,' ',0.00,25000.00,2,2,413),(414,0.00,150000.00,0.00,175000.00,' ',0.00,25000.00,3,3,414),(415,0.00,150000.00,0.00,175000.00,' ',0.00,25000.00,4,4,415),(416,0.00,150000.00,175000.00,175000.00,' SPO 27 APR \'13',0.00,25000.00,5,5,416),(417,0.00,150000.00,175000.00,175000.00,' SPO 11 MAY \'13',0.00,25000.00,6,6,417),(418,0.00,150000.00,0.00,175000.00,' ',0.00,25000.00,7,7,418),(419,0.00,150000.00,0.00,175000.00,' ',0.00,25000.00,8,8,419),(420,0.00,150000.00,0.00,175000.00,' ',0.00,25000.00,9,9,420),(421,0.00,150000.00,0.00,175000.00,' ',0.00,25000.00,10,10,421),(422,0.00,150000.00,0.00,175000.00,' ',0.00,25000.00,11,11,422),(423,0.00,150000.00,0.00,175000.00,' ',0.00,25000.00,12,12,423),(424,0.00,150000.00,0.00,175000.00,' ',0.00,25000.00,13,13,424),(425,0.00,150000.00,0.00,175000.00,' ',0.00,25000.00,14,14,425),(426,0.00,150000.00,0.00,175000.00,' ',0.00,25000.00,15,15,426),(427,0.00,150000.00,350000.00,0.00,' SPO 13-15 MAY \'13',0.00,25000.00,16,16,427),(428,0.00,150000.00,0.00,175000.00,'  ',0.00,25000.00,17,17,428),(429,0.00,150000.00,0.00,175000.00,' ',0.00,25000.00,18,18,429),(430,0.00,150000.00,0.00,175000.00,' ',0.00,25000.00,19,19,430),(431,0.00,150000.00,0.00,175000.00,' ',0.00,25000.00,20,20,431),(432,0.00,150000.00,0.00,175000.00,'    ',0.00,25000.00,21,21,432),(433,0.00,150000.00,0.00,175000.00,' ',0.00,25000.00,22,22,433),(434,130000.00,150000.00,395000.00,175000.00,' SPO 28-30 APR \'13',0.00,25000.00,23,23,434),(435,0.00,150000.00,0.00,175000.00,' ',0.00,25000.00,24,24,435),(436,80000.00,150000.00,350000.00,0.00,'  SPO 13-14 MAY \'13',0.00,25000.00,25,25,436),(437,0.00,150000.00,0.00,175000.00,' ',0.00,25000.00,26,26,437),(438,0.00,150000.00,0.00,175000.00,'  ',0.00,25000.00,27,27,438),(439,0.00,150000.00,525000.00,175000.00,' SPO 11-13 MAY \'13',0.00,25000.00,28,28,439),(440,0.00,150000.00,350000.00,175000.00,' ',0.00,25000.00,29,29,440),(441,0.00,150000.00,350000.00,175000.00,' SPO 24-25 OKT \'12',0.00,25000.00,1,1,441),(442,0.00,150000.00,0.00,175000.00,' ',0.00,25000.00,2,2,442),(443,0.00,150000.00,0.00,175000.00,' ',0.00,25000.00,3,3,443),(444,0.00,150000.00,0.00,175000.00,' ',0.00,25000.00,4,4,444),(445,0.00,150000.00,0.00,175000.00,' ',0.00,25000.00,5,5,445),(446,0.00,150000.00,175000.00,175000.00,' SPO 12 MAY \'13',0.00,25000.00,6,6,446),(447,0.00,150000.00,0.00,175000.00,' ',0.00,25000.00,7,7,447),(448,0.00,150000.00,0.00,175000.00,' ',0.00,25000.00,8,8,448),(449,0.00,150000.00,0.00,175000.00,' ',0.00,25000.00,9,9,449),(450,0.00,150000.00,0.00,175000.00,' ',0.00,25000.00,10,10,450),(451,0.00,150000.00,0.00,175000.00,' ',0.00,25000.00,11,11,451),(452,0.00,150000.00,0.00,175000.00,' ',0.00,25000.00,12,12,452),(453,0.00,150000.00,175000.00,175000.00,' SPO 14 MAY  \'13/PERBAIKAN',0.00,25000.00,13,13,453),(454,0.00,150000.00,0.00,175000.00,' ',0.00,25000.00,14,14,454),(455,0.00,150000.00,0.00,175000.00,' ',0.00,25000.00,15,15,455),(456,0.00,150000.00,0.00,175000.00,' ',0.00,25000.00,16,16,456),(457,0.00,150000.00,0.00,175000.00,'  ',0.00,25000.00,17,17,457),(458,0.00,150000.00,0.00,175000.00,' ',0.00,25000.00,18,18,458),(459,0.00,150000.00,350000.00,175000.00,' SPO 13-14 MAY \'13',0.00,25000.00,19,19,459),(460,0.00,150000.00,0.00,175000.00,' ',0.00,25000.00,20,20,460),(461,0.00,150000.00,0.00,175000.00,'    ',0.00,25000.00,21,21,461),(462,0.00,150000.00,0.00,175000.00,' ',0.00,25000.00,22,22,462),(463,0.00,150000.00,0.00,175000.00,' ',0.00,25000.00,23,23,463),(464,0.00,150000.00,0.00,175000.00,' ',0.00,25000.00,24,24,464),(465,0.00,150000.00,0.00,175000.00,'  ',0.00,25000.00,25,25,465),(466,0.00,150000.00,0.00,175000.00,' ',0.00,25000.00,26,26,466),(467,0.00,150000.00,0.00,175000.00,'  ',0.00,25000.00,27,27,467),(468,0.00,150000.00,175000.00,175000.00,' SPO 14 MAY \'13',0.00,25000.00,28,28,468),(469,0.00,150000.00,0.00,175000.00,' ',0.00,25000.00,29,29,469),(470,0.00,150000.00,0.00,175000.00,' ',0.00,25000.00,1,1,470),(471,0.00,150000.00,0.00,175000.00,' ',0.00,25000.00,2,2,471),(472,0.00,150000.00,0.00,175000.00,' ',0.00,25000.00,3,3,472),(473,0.00,150000.00,0.00,175000.00,' ',0.00,25000.00,4,4,473),(474,65000.00,150000.00,285000.00,175000.00,' SPO 28-29 APR \'13',0.00,25000.00,5,5,474),(475,0.00,150000.00,0.00,175000.00,' ',0.00,25000.00,6,6,475),(476,0.00,150000.00,0.00,175000.00,' ',0.00,25000.00,7,7,476),(477,0.00,150000.00,0.00,175000.00,' ',0.00,25000.00,8,8,477),(478,155000.00,150000.00,2275000.00,175000.00,' SPO 07-19 MRT \'13',0.00,25000.00,9,9,478),(479,0.00,150000.00,0.00,175000.00,' ',0.00,25000.00,10,10,479),(480,0.00,150000.00,0.00,175000.00,' ',0.00,25000.00,11,11,480),(481,0.00,150000.00,0.00,175000.00,' ',0.00,25000.00,12,12,481),(482,0.00,150000.00,0.00,175000.00,' PERBAIKAN',0.00,25000.00,13,13,482),(483,0.00,150000.00,0.00,175000.00,' ',0.00,25000.00,14,14,483),(484,0.00,150000.00,0.00,175000.00,' ',0.00,25000.00,15,15,484),(485,0.00,150000.00,0.00,175000.00,' ',0.00,25000.00,16,16,485),(486,0.00,150000.00,0.00,175000.00,'  ',0.00,25000.00,17,17,486),(487,0.00,150000.00,1095000.00,175000.00,' SPO 25 APR-01 MRT \'13',0.00,25000.00,18,18,487),(488,0.00,150000.00,0.00,175000.00,' ',0.00,25000.00,19,19,488),(489,0.00,150000.00,0.00,175000.00,' ',0.00,25000.00,20,20,489),(490,0.00,150000.00,0.00,175000.00,'    ',0.00,25000.00,21,21,490),(491,0.00,150000.00,0.00,175000.00,' ',0.00,25000.00,22,22,491),(492,0.00,150000.00,0.00,175000.00,' ',0.00,25000.00,23,23,492),(493,0.00,150000.00,0.00,175000.00,' ',0.00,25000.00,24,24,493),(494,0.00,150000.00,175000.00,0.00,' SPO 16-17 MAY \'13 ',0.00,25000.00,25,25,494),(495,0.00,150000.00,1750000.00,0.00,' SPO 07-17 MAY \'13',0.00,25000.00,26,26,495),(496,0.00,150000.00,0.00,175000.00,'  ',0.00,25000.00,27,27,496),(497,0.00,150000.00,0.00,175000.00,' ',0.00,25000.00,28,28,497),(498,0.00,150000.00,350000.00,175000.00,' SPO 16-17 MAY \'13',0.00,25000.00,29,29,498),(499,0.00,150000.00,0.00,175000.00,' ',0.00,25000.00,1,1,499),(500,0.00,150000.00,0.00,175000.00,' ',0.00,25000.00,2,2,500),(501,0.00,150000.00,0.00,175000.00,' ',0.00,25000.00,3,3,501),(502,0.00,150000.00,0.00,175000.00,' ',0.00,25000.00,4,4,502),(503,65000.00,150000.00,110000.00,175000.00,' ',0.00,25000.00,5,5,503),(504,0.00,150000.00,0.00,175000.00,' ',0.00,25000.00,6,6,504),(505,0.00,150000.00,0.00,175000.00,' ',0.00,25000.00,7,7,505),(506,0.00,150000.00,700000.00,175000.00,' SPO 05-08 APR \'13',0.00,25000.00,8,8,506),(507,0.00,150000.00,0.00,175000.00,' ',0.00,25000.00,9,9,507),(508,0.00,150000.00,0.00,175000.00,' ',0.00,25000.00,10,10,508),(509,0.00,150000.00,0.00,175000.00,' ',0.00,25000.00,11,11,509),(510,0.00,150000.00,0.00,175000.00,' ',0.00,25000.00,12,12,510),(511,0.00,150000.00,875000.00,175000.00,' SPO 22-26 APR \'13',0.00,25000.00,14,14,511),(512,0.00,150000.00,0.00,175000.00,' ',0.00,25000.00,15,15,512),(513,0.00,150000.00,350000.00,0.00,' SPO 17-19 MAY \'13',0.00,25000.00,16,16,513),(514,0.00,150000.00,0.00,175000.00,'  ',0.00,25000.00,17,17,514),(515,0.00,150000.00,0.00,175000.00,' ',0.00,25000.00,18,18,515),(516,0.00,150000.00,0.00,175000.00,' ',0.00,25000.00,19,19,516),(517,0.00,150000.00,0.00,175000.00,' ',0.00,25000.00,20,20,517),(518,0.00,150000.00,0.00,175000.00,'    ',0.00,25000.00,21,21,518),(519,25000.00,150000.00,525000.00,175000.00,' SPO 14-16 MAY \'13',0.00,25000.00,22,22,519),(520,0.00,150000.00,0.00,175000.00,' ',0.00,25000.00,23,23,520),(521,0.00,150000.00,0.00,175000.00,' ',0.00,25000.00,24,24,521),(522,0.00,150000.00,0.00,175000.00,'  ',0.00,25000.00,25,25,522),(523,0.00,150000.00,0.00,175000.00,' ',0.00,25000.00,26,26,523),(524,0.00,150000.00,875000.00,175000.00,'  SPO 08-12 MAY \'13',0.00,25000.00,27,27,524),(525,0.00,150000.00,350000.00,175000.00,' SPO 15-16 MAY \'13',0.00,25000.00,28,28,525),(526,0.00,150000.00,0.00,175000.00,' ',0.00,25000.00,29,29,526),(527,0.00,150000.00,0.00,175000.00,' ',0.00,25000.00,1,1,527),(528,0.00,150000.00,350000.00,175000.00,' SPO 09-10 JAN \'13',0.00,25000.00,2,2,528),(529,0.00,150000.00,1050000.00,0.00,' SPO 14-20 MAY \'13',0.00,25000.00,3,3,529),(530,0.00,150000.00,0.00,175000.00,' ',0.00,25000.00,4,4,530),(531,0.00,150000.00,0.00,175000.00,' ',0.00,25000.00,5,5,531),(532,0.00,150000.00,175000.00,175000.00,' SPO 16 MAY \'13',0.00,25000.00,6,6,532),(533,0.00,150000.00,0.00,175000.00,' ',0.00,25000.00,7,7,533),(534,0.00,150000.00,0.00,175000.00,' ',0.00,25000.00,8,8,534),(535,0.00,150000.00,0.00,175000.00,' ',0.00,25000.00,9,9,535),(536,0.00,150000.00,0.00,175000.00,' ',0.00,25000.00,10,10,536),(537,0.00,150000.00,0.00,175000.00,' ',0.00,25000.00,11,11,537),(538,0.00,150000.00,0.00,175000.00,' ',0.00,25000.00,12,12,538),(539,0.00,150000.00,0.00,175000.00,' ',0.00,25000.00,13,13,539),(540,0.00,150000.00,0.00,175000.00,' ',0.00,25000.00,14,14,540),(541,0.00,150000.00,0.00,175000.00,' ',0.00,25000.00,15,15,541),(542,0.00,150000.00,0.00,175000.00,' ',0.00,25000.00,16,16,542),(543,0.00,150000.00,0.00,175000.00,'  ',0.00,25000.00,17,17,543),(544,0.00,150000.00,0.00,175000.00,' ',0.00,25000.00,18,18,544),(545,0.00,150000.00,0.00,175000.00,' ',0.00,25000.00,19,19,545),(546,0.00,150000.00,1225000.00,0.00,' SPO 13-20 MAY \'13',0.00,25000.00,20,20,546),(547,0.00,150000.00,0.00,175000.00,'    ',0.00,25000.00,21,21,547),(548,0.00,150000.00,0.00,175000.00,' ',0.00,25000.00,22,22,548),(549,0.00,150000.00,0.00,175000.00,' ',0.00,25000.00,23,23,549),(550,0.00,150000.00,0.00,175000.00,' ',0.00,25000.00,24,24,550),(551,0.00,150000.00,0.00,175000.00,'  ',0.00,25000.00,25,25,551),(552,0.00,150000.00,0.00,175000.00,' ',0.00,25000.00,26,26,552),(553,0.00,150000.00,350000.00,175000.00,'  SPO 13-14 MAY \'13',0.00,25000.00,27,27,553),(554,0.00,150000.00,0.00,175000.00,' ',0.00,25000.00,28,28,554),(555,0.00,150000.00,0.00,175000.00,' ',0.00,25000.00,29,29,555),(556,0.00,150000.00,0.00,175000.00,' ',0.00,25000.00,1,1,556),(557,0.00,150000.00,0.00,175000.00,' ',0.00,25000.00,2,2,557),(558,0.00,150000.00,0.00,175000.00,' ',0.00,25000.00,3,3,558),(559,0.00,150000.00,0.00,175000.00,' ',0.00,25000.00,4,4,559),(560,100000.00,150000.00,175000.00,175000.00,' SPO 02 MAY \'13',0.00,25000.00,5,5,560),(561,0.00,150000.00,175000.00,175000.00,' SPO 17 MAY \'13',0.00,25000.00,6,6,561),(562,0.00,150000.00,0.00,175000.00,' ',0.00,25000.00,6,6,562);
/*!40000 ALTER TABLE `tr_setoran_detail` ENABLE KEYS */;
UNLOCK TABLES;

--
-- Table structure for table `tr_setoran_detail_pth`
--

DROP TABLE IF EXISTS `tr_setoran_detail_pth`;
/*!40101 SET @saved_cs_client     = @@character_set_client */;
/*!40101 SET character_set_client = utf8 */;
CREATE TABLE `tr_setoran_detail_pth` (
  `id_detail_pth` int(11) NOT NULL AUTO_INCREMENT,
  `cicilanOther` decimal(19,2) DEFAULT NULL,
  `angsuran` decimal(19,2) DEFAULT NULL,
  `pembayaran` decimal(19,2) DEFAULT NULL,
  `kasbon` decimal(19,2) DEFAULT NULL,
  `keterangan` varchar(255) DEFAULT NULL,
  `over_time` decimal(19,2) DEFAULT NULL,
  `tabungan` decimal(19,2) DEFAULT NULL,
  `id_pengemudi_pth` int(11) NOT NULL,
  `id_kendaraan_pth` int(11) NOT NULL,
  `id_setoran_pth` int(11) NOT NULL,
  PRIMARY KEY (`id_detail_pth`),
  KEY `FKC040CF049F1D52F4` (`id_kendaraan_pth`),
  KEY `FKC040CF045C9DF1D4` (`id_pengemudi_pth`),
  KEY `FKC040CF049AA45FD4` (`id_setoran_pth`),
  CONSTRAINT `FKC040CF045C9DF1D4` FOREIGN KEY (`id_pengemudi_pth`) REFERENCES `pengemudi_pth` (`id_pth`),
  CONSTRAINT `FKC040CF049AA45FD4` FOREIGN KEY (`id_setoran_pth`) REFERENCES `tr_setoran_pth` (`idSetr_pth`),
  CONSTRAINT `FKC040CF049F1D52F4` FOREIGN KEY (`id_kendaraan_pth`) REFERENCES `kendaraan_pth` (`id_pth`)
) ENGINE=InnoDB DEFAULT CHARSET=utf8;
/*!40101 SET character_set_client = @saved_cs_client */;

--
-- Dumping data for table `tr_setoran_detail_pth`
--

LOCK TABLES `tr_setoran_detail_pth` WRITE;
/*!40000 ALTER TABLE `tr_setoran_detail_pth` DISABLE KEYS */;
/*!40000 ALTER TABLE `tr_setoran_detail_pth` ENABLE KEYS */;
UNLOCK TABLES;

--
-- Table structure for table `tr_setoran_pth`
--

DROP TABLE IF EXISTS `tr_setoran_pth`;
/*!40101 SET @saved_cs_client     = @@character_set_client */;
/*!40101 SET character_set_client = utf8 */;
CREATE TABLE `tr_setoran_pth` (
  `idSetr_pth` int(11) NOT NULL AUTO_INCREMENT,
  `closing_pth_status` varchar(255) DEFAULT NULL,
  `setoran_counter` int(11) DEFAULT NULL,
  `jalan_status` varchar(255) DEFAULT NULL,
  `kode_setoran_pth` varchar(255) NOT NULL,
  `tr_status` varchar(255) DEFAULT NULL,
  `tglJatuhTempo` date DEFAULT NULL,
  `tglSPO` date DEFAULT NULL,
  `tglSetoran` date DEFAULT NULL,
  `total_hutang` decimal(19,2) DEFAULT NULL,
  `total_setoran` decimal(19,2) DEFAULT NULL,
  `kode_user` varchar(255) DEFAULT NULL,
  `id_closing_pth_bulan` int(11) DEFAULT NULL,
  `id_closing_pth_tahun` int(11) DEFAULT NULL,
  PRIMARY KEY (`idSetr_pth`),
  UNIQUE KEY `kode_setoran_pth` (`kode_setoran_pth`),
  KEY `FK2166C196156108A8` (`id_closing_pth_bulan`),
  KEY `FK2166C196C3281CE8` (`id_closing_pth_tahun`),
  CONSTRAINT `FK2166C196156108A8` FOREIGN KEY (`id_closing_pth_bulan`) REFERENCES `tr_pth_closing_bulanan` (`id`),
  CONSTRAINT `FK2166C196C3281CE8` FOREIGN KEY (`id_closing_pth_tahun`) REFERENCES `tr_pth_closing_tahunan` (`id`)
) ENGINE=InnoDB DEFAULT CHARSET=utf8;
/*!40101 SET character_set_client = @saved_cs_client */;

--
-- Dumping data for table `tr_setoran_pth`
--

LOCK TABLES `tr_setoran_pth` WRITE;
/*!40000 ALTER TABLE `tr_setoran_pth` DISABLE KEYS */;
/*!40000 ALTER TABLE `tr_setoran_pth` ENABLE KEYS */;
UNLOCK TABLES;
/*!40103 SET TIME_ZONE=@OLD_TIME_ZONE */;

/*!40101 SET SQL_MODE=@OLD_SQL_MODE */;
/*!40014 SET FOREIGN_KEY_CHECKS=@OLD_FOREIGN_KEY_CHECKS */;
/*!40014 SET UNIQUE_CHECKS=@OLD_UNIQUE_CHECKS */;
/*!40101 SET CHARACTER_SET_CLIENT=@OLD_CHARACTER_SET_CLIENT */;
/*!40101 SET CHARACTER_SET_RESULTS=@OLD_CHARACTER_SET_RESULTS */;
/*!40101 SET COLLATION_CONNECTION=@OLD_COLLATION_CONNECTION */;
/*!40111 SET SQL_NOTES=@OLD_SQL_NOTES */;

-- Dump completed on 2013-05-31 20:06:29
